{
	"context": {
		"domain": "ONDC:NTS10",
		"country": "IND",
		"city": "std:0484",
		"action": "receiver_recon",
		"core_version": "2.0.0",
		"bap_id": "proapi.easemytrip.com/metroapp/ONDC",
		"bap_uri": "https://proapi.easemytrip.com/metroapp/ONDC",
		"bpp_id": "metrobox.triffy.in",
		"bpp_uri": "https://metrobox.triffy.in/metro/seller",
		"transaction_id": "ca600974-c860-4ee4-968d-0bca6a78ff62",
		"message_id": "3873d743-437a-4bc9-8ad6-bf605f502c09",
		"timestamp": "2024-06-27T10:30:08.746Z",
		"ttl": "PT300S"
	},
	"message": {
		"orderbook": {
			"orders": [
				{
					"id": "TRFe10e87942b79484c8d48db25092597ca",
					"invoice_no": "EMT600206392",
					"collector_app_id": "proapi.easemytrip.com/metroapp/ONDC ",
					"receiver_app_id": "metrobox.preprod.triffy.in",
					"receiver_app_uri": "https://metrobox.preprod.triffy.in",
					"state": "Completed",
					"provider": {
						"name": {
							"name": "triffy-cmrl",
							"code": "triffy-cmrl"
						},
						"address": "Chennai"
					},
					"payment": {
						"uri": "abcdd/fff",
						"tl_method": "http/get",
						"params": {
							"transaction_id": "936b7705-d3fd-4b55-9b98-c2718249ff1e",
							"transaction_status": "PAID",
							"amount": "18",
							"currency": "INR"
						},
						"type": "ON-ORDER",
						"status": "PAID",
						"collected_by": "BAP",
						"@ondc/org/buyer_app_finder_fee_type": "Percentage",
						"@ondc/org/buyer_app_finder_fee_amount": "0",
						"@ondc/org/settlement_basis": "Collection",
						"@ondc/org/settlement_basis_status": "Assert",
						"@ondc/org/settlement_window": "PT1D",
						"@ondc/org/settlement_window_status": "Assert",
						"@ondc/org/settlement_details": [
							{
								"settlement_counterparty": "buyer-app",
								"settlement_phase": "sale-amount",
								"settlement_amount": 18,
								"settlement_type": "neft",
								"settlement_bank_account_no": "99679007677676",
								"settlement_ifsc_code": "HDFC900008",
								"upi_address": "sellerapp@upi",
								"bank_name": "HDFC",
								"branch_name": "Delhi",
								"beneficiary_name": "Easemytrip planner ltd",
								"beneficiary_address": "delhi",
								"settlement_status": "PAID",
								"settlement_reference": "UTR123456",
								"settlement_timestamp": "2024-06-26T11:05:58.469Z"
							}
						]
					},
					"deduction_by_collector": {
						"currency": "INR",
						"value": "0"
					},
					"order_recon_status": "01",
					"payerdetails": {
						"payer_name": "Easemytrip trip planner ltd",
						"payer_address": "patpat ganj ",
						"payer_account_no": "509424924294248",
						"payer_bank_code": "HDFC0000000",
						"payer_virtual_payment_address": "80abc@abctMh2h"
					},
					"settlement_reason_code": "01",
					"Correction": {
						"order_id": "TRFe10e87942b79484c8d48db25092597ca",
						"order_amount": {
							"currency": "INR",
							"value": "7"
						},
						"order_correction_amount": {
							"currency": "INR",
							"value": "7"
						},
						"order_state": "Delivered",
						"previous_settled_amount": {
							"currency": "INR",
							"value": "25"
						},
						"settlement_id": "e5637b88-9896-4a7e-a638-a721e3e67df8",
						"settlement_reference_no": "UTR-345",
						"prev_settlement_reference_no": [
							"UTR"
						],
						"recon_status": "01",
						"diff_amount": {
							"currency": "INR",
							"value": "-7"
						}
					},
					"transaction_id": "ca600974-c860-4ee4-968d-0bca6a78ff62",
					"settlement_id": "936b7705-d3fd-4b55-9b98-c2718249ff1e",
					"settlement_reference_no": "UTR",
					"recon_status": "01",
					"created_at": "2024-06-27T10:30:14.809Z",
					"updated_at": "2024-06-27T10:30:14.809Z"
				},
				{
					"id": "TRF23bcd3509e1a4b6ea5f0697b36b604f7",
					"invoice_no": "EMT600206392",
					"collector_app_id": "proapi.easemytrip.com/metroapp/ONDC ",
					"receiver_app_id": "metrobox.preprod.triffy.in",
					"receiver_app_uri": "https://metrobox.preprod.triffy.in",
					"state": "Completed",
					"provider": {
						"name": {
							"name": "triffy-cmrl",
							"code": "triffy-cmrl"
						},
						"address": "Chennai"
					},
					"payment": {
						"uri": "abcdd/fff",
						"tl_method": "http/get",
						"params": {
							"transaction_id": "936b7705-d3fd-4b55-9b98-c2718249ff1e",
							"transaction_status": "PAID",
							"amount": "18",
							"currency": "INR"
						},
						"type": "ON-ORDER",
						"status": "PAID",
						"collected_by": "BAP",
						"@ondc/org/buyer_app_finder_fee_type": "Percentage",
						"@ondc/org/buyer_app_finder_fee_amount": "0",
						"@ondc/org/settlement_basis": "Collection",
						"@ondc/org/settlement_basis_status": "Assert",
						"@ondc/org/settlement_window": "PT1D",
						"@ondc/org/settlement_window_status": "Assert",
						"@ondc/org/settlement_details": [
							{
								"settlement_counterparty": "buyer-app",
								"settlement_phase": "sale-amount",
								"settlement_amount": 8,
								"settlement_type": "neft",
								"settlement_bank_account_no": "99679007677676",
								"settlement_ifsc_code": "HDFC900008",
								"upi_address": "sellerapp@upi",
								"bank_name": "HDFC",
								"branch_name": "Delhi",
								"beneficiary_name": "Easemytrip planner ltd",
								"beneficiary_address": "delhi",
								"settlement_status": "PAID",
								"settlement_reference": "UTR123456",
								"settlement_timestamp": "2024-06-26T11:05:58.469Z"
							}
						]
					},
					"deduction_by_collector": {
						"currency": "INR",
						"value": "0"
					},
					"order_recon_status": "01",
					"payerdetails": {
						"payer_name": "Easemytrip trip planner ltd",
						"payer_address": "patpat ganj ",
						"payer_account_no": "509424924294248",
						"payer_bank_code": "HDFC0000000",
						"payer_virtual_payment_address": "80abc@abctMh2h"
					},
					"settlement_reason_code": "01",
					"Correction": {
						"order_id": "TRF23bcd3509e1a4b6ea5f0697b36b604f7",
						"order_amount": {
							"currency": "INR",
							"value": "18"
						},
						"order_correction_amount": {
							"currency": "INR",
							"value": "18"
						},
						"order_state": "Delivered",
						"previous_settled_amount": {
							"currency": "INR",
							"value": "10"
						},
						"settlement_id": "936b7705-d3fd-4b55-9b98-c2718249ff1e",
						"settlement_reference_no": "UTR12309",
						"prev_settlement_reference_no": [
							"UTR123456"
						],
						"recon_status": "01",
						"diff_amount": {
							"currency": "INR",
							"value": "8"
						}
					},
					"transaction_id": "ca600974-c860-4ee4-968d-0bca6a78ff62",
					"settlement_id": "936b7705-d3fd-4b55-9b98-c2718249ff1e",
					"settlement_reference_no": "UTR",
					"recon_status": "01",
					"created_at": "2024-06-27T10:30:14.809Z",
					"updated_at": "2024-06-27T10:30:14.809Z"
				}
			]
		}
	}
}