
{
	"context": {
		"domain": "ONDC:NTS10",
		"country": "IND",
		"city": "std:0484",
		"action": "on_receiver_recon",
		"core_version": "1.0.0",
		"bap_id": "proapi.easemytrip.com/metroapp/ONDC",
		"bap_uri": "https://proapi.easemytrip.com/metroapp/ONDC",
		"bpp_id": "metrobox.preprod.triffy.in",
		"bpp_uri": "https://metrobox.preprod.triffy.in/metro/seller",
		"transaction_id": "ca600974-c860-4ee4-968d-0bca6a78ff62",
		"message_id": "3873d743-437a-4bc9-8ad6-bf605f502c09",
		"timestamp": "2024-06-27T10:30:24.278Z",
		"ttl": "PT300S"
	},
	"message": {
		"orderbook": {
			"orders": [
				{
					"id": "TRFe10e87942b79484c8d48db25092597ca",
					"collector_app_id": "proapi.easemytrip.com/metroapp/ONDC",
					"receiver_app_id": "metrobox.preprod.triffy.in",
					"order_recon_status": {
						"ValueKind": 3
					},
					"transaction_id": "ca600974-c860-4ee4-968d-0bca6a78ff62",
					"settlement_id": "e5637b88-9896-4a7e-a638-a721e3e67df8",
					"settlement_reference_no": "UTR-345",
					"counterparty_recon_status": "01",
					"counterparty_diff_amount": {
						"currency": "INR",
						"value": "0"
					}
				},
				{
					"id": "TRF23bcd3509e1a4b6ea5f0697b36b604f7",
					"collector_app_id": "proapi.easemytrip.com/metroapp/ONDC",
					"receiver_app_id": "metrobox.preprod.triffy.in",
					"order_recon_status": {
						"ValueKind": 3
					},
					"transaction_id": "ca600974-c860-4ee4-968d-0bca6a78ff62",
					"settlement_id": "936b7705-d3fd-4b55-9b98-c2718249ff1e",
					"settlement_reference_no": "UTR12309",
					"counterparty_recon_status": "01",
					"counterparty_diff_amount": {
						"currency": "INR",
						"value": "0"
					}
				}
			]
		}
	}
}