{
    "context": {
        "domain": "nic2004:52110",
        "country": "IND",
        "city": "std:080",
        "action": "on_init",
        "core_version": "1.1.0",
        "bap_id": "buyer-app-preprod.ondc.org",
        "bap_uri": "https://buyer-app-preprod.ondc.org/protocol/v1",
        "bpp_id": "seller.ondc.digiledge.in",
        "bpp_uri": "https://seller.ondc.digiledge.in/v1/preprod",
        "transaction_id": "5229ba20-5da9-475d-b11c-6d6ee6967cea",
        "message_id": "53bc8b08-7a2e-4871-bd46-8a900cbc6065",
        "timestamp": "2023-05-30T04:03:19.663Z",
        "ttl": "PT30S"
    },
    "message": {
        "order": {
            "provider": {
                "id": "DIGLE98081"
            },
            "provider_location": {
                "id": "99068efe-7501-4a9b-9999-26b6ca944a77"
            },
            "items": [
                {
                    "id": "bfd70c8a-d56d-4dc6-b91f-be77c1a431dd",
                    "fulfillment_id": "470f9cc8-9b52-4f6c-9e5c-2465ecc64a21",
                    "quantity": {
                        "count": 3
                    }
                },
                {
                    "id": "0e7d2983-496f-4273-ac0e-7d473d8cdab3",
                    "fulfillment_id": "470f9cc8-9b52-4f6c-9e5c-2465ecc64a21",
                    "quantity": {
                        "count": 3
                    }
                }
            ],
            "billing": {
                "name": "shabirahamed",
                "address": {
                    "door": "Sri sakthi",
                    "name": "shabirahamed",
                    "building": "Sri sakthi",
                    "locality": "HRBR Layout",
                    "city": "Bengaluru",
                    "state": "Karnataka",
                    "country": "IND",
                    "area_code": "560043"
                },
                "email": "shabir@gmail.com",
                "phone": "8979879897",
                "created_at": "2023-05-30T04:03:19.515Z",
                "updated_at": "2023-05-30T04:03:19.515Z"
            },
            "fulfillments": [
                {
                    "id": "470f9cc8-9b52-4f6c-9e5c-2465ecc64a21",
                    "type": "Delivery",
                    "tracking": true,
                    "end": {
                        "location": {
                            "gps": "13.022640, 77.645180",
                            "address": {
                                "name": "shabirahamed",
                                "building": "Sri sakthi",
                                "locality": "HRBR Layout",
                                "city": "Bengaluru",
                                "state": "Karnataka",
                                "country": "IND",
                                "area_code": "560043"
                            }
                        },
                        "contact": {
                            "phone": "8979879897",
                            "email": "shabir@gmail.com"
                        }
                    }
                }
            ],
            "quote": {
                "price": {
                    "currency": "INR",
                    "value": "213.28"
                },
                "breakup": [
                    {
                        "@ondc/org/item_id": "bfd70c8a-d56d-4dc6-b91f-be77c1a431dd",
                        "@ondc/org/item_quantity": {
                            "count": 3
                        },
                        "@ondc/org/title_type": "item",
                        "item": {
                            "price": {
                                "currency": "INR",
                                "value": "30"
                            }
                        },
                        "title": "Daawat Basmati Rice 1kg",
                        "price": {
                            "currency": "INR",
                            "value": "90.00"
                        }
                    },
                    {
                        "@ondc/org/item_id": "0e7d2983-496f-4273-ac0e-7d473d8cdab3",
                        "@ondc/org/item_quantity": {
                            "count": 3
                        },
                        "@ondc/org/title_type": "item",
                        "item": {
                            "price": {
                                "currency": "INR",
                                "value": "35"
                            }
                        },
                        "title": "Daawat Traditional Basmati Rice 1kg",
                        "price": {
                            "currency": "INR",
                            "value": "105.00"
                        }
                    },
                    {
                        "@ondc/org/item_id": "470f9cc8-9b52-4f6c-9e5c-2465ecc64a21",
                        "@ondc/org/title_type": "delivery",
                        "title": "Delivery Charges",
                        "price": {
                            "currency": "INR",
                            "value": "18.28"
                        }
                    }
                ],
                "ttl": "P1D"
            },
            "payment": {
                "@ondc/org/buyer_app_finder_fee_type": "percent",
                "@ondc/org/buyer_app_finder_fee_amount": "3.0",
                "@ondc/org/settlement_details": [
                    {
                        "settlement_counterparty": "seller-app",
                        "settlement_phase": "sale-amount",
                        "settlement_type": "neft",
                        "settlement_bank_account_no": "1000000000",
                        "settlement_ifsc_code": "SBIN12345",
                        "bank_name": "SBI",
                        "branch_name": "CNN",
                        "beneficiary_address": "test address"
                    }
                ]
            }
        }
    }
}