{
    "context": {
        "domain": "nic2004:52110",
        "country": "IND",
        "city": "std:080",
        "action": "on_select",
        "core_version": "1.1.0",
        "bap_id": "buyer-app-preprod.ondc.org",
        "bap_uri": "https://buyer-app-preprod.ondc.org/protocol/v1",
        "bpp_id": "seller.ondc.digiledge.in",
        "bpp_uri": "https://seller.ondc.digiledge.in/v1/preprod",
        "transaction_id": "5229ba20-5da9-475d-b11c-6d6ee6967cea",
        "message_id": "1b21dbff-c5af-4395-b48c-c9b9b917c071",
        "timestamp": "2023-05-30T04:03:15.592Z",
        "ttl": "PT30S"
    },
    "message": {
        "order": {
            "provider": {
                "id": "DIGLE98081"
            },
            "fulfillments": [
                {
                    "id": "470f9cc8-9b52-4f6c-9e5c-2465ecc64a21",
                    "@ondc/org/provider_name": "Digledge Samsung",
                    "@ondc/org/category": "Immediate Delivery",
                    "@ondc/org/TAT": "PT45M",
                    "state": {
                        "descriptor": {
                            "code": "Serviceable"
                        }
                    }
                }
            ],
            "items": [
                {
                    "id": "bfd70c8a-d56d-4dc6-b91f-be77c1a431dd",
                    "fulfillment_id": "470f9cc8-9b52-4f6c-9e5c-2465ecc64a21"
                },
                {
                    "id": "0e7d2983-496f-4273-ac0e-7d473d8cdab3",
                    "fulfillment_id": "470f9cc8-9b52-4f6c-9e5c-2465ecc64a21"
                }
            ],
            "quote": {
                "price": {
                    "currency": "INR",
                    "value": "213.28"
                },
                "breakup": [
                    {
                        "@ondc/org/item_id": "bfd70c8a-d56d-4dc6-b91f-be77c1a431dd",
                        "@ondc/org/item_quantity": {
                            "count": 3
                        },
                        "@ondc/org/title_type": "item",
                        "item": {
                            "price": {
                                "currency": "INR",
                                "value": "30"
                            },
                            "quantity": {
                                "available": {
                                    "count": "27"
                                },
                                "maximum": {
                                    "count": "50"
                                }
                            }
                        },
                        "title": "Daawat Basmati Rice 1kg",
                        "price": {
                            "currency": "INR",
                            "value": "90.00"
                        }
                    },
                    {
                        "@ondc/org/item_id": "0e7d2983-496f-4273-ac0e-7d473d8cdab3",
                        "@ondc/org/item_quantity": {
                            "count": 3
                        },
                        "@ondc/org/title_type": "item",
                        "item": {
                            "price": {
                                "currency": "INR",
                                "value": "35"
                            },
                            "quantity": {
                                "available": {
                                    "count": "4"
                                },
                                "maximum": {
                                    "count": "15"
                                }
                            }
                        },
                        "title": "Daawat Traditional Basmati Rice 1kg",
                        "price": {
                            "currency": "INR",
                            "value": "105.00"
                        }
                    },
                    {
                        "@ondc/org/item_id": "470f9cc8-9b52-4f6c-9e5c-2465ecc64a21",
                        "@ondc/org/title_type": "delivery",
                        "title": "Delivery Charges",
                        "price": {
                            "currency": "INR",
                            "value": "18.28"
                        }
                    }
                ],
                "ttl": "P1D"
            }
        }
    }
}