{
    "context": {
        "domain": "nic2004:52110",
        "country": "IND",
        "city": "std:080",
        "action": "on_status",
        "core_version": "1.1.0",
        "bap_id": "buyer-app-preprod.ondc.org",
        "bap_uri": "https://buyer-app-preprod.ondc.org/protocol/v1",
        "bpp_id": "seller.ondc.digiledge.in",
        "bpp_uri": "https://seller.ondc.digiledge.in/v1/preprod",
        "transaction_id": "5229ba20-5da9-475d-b11c-6d6ee6967cea",
        "message_id": "f0c29142-3734-4264-abcb-de9ca2510b4c",
        "timestamp": "2023-05-30T04:17:58.052Z",
        "ttl": "PT30S"
    },
    "message": {
        "order": {
            "id": "2023-05-30-872924",
            "state": "Completed",
            "provider": {
                "id": "DIGLE98081",
                "locations": [
                    {
                        "id": "99068efe-7501-4a9b-9999-26b6ca944a77"
                    }
                ]
            },
            "items": [
                {
                    "id": "bfd70c8a-d56d-4dc6-b91f-be77c1a431dd",
                    "fulfillment_id": "470f9cc8-9b52-4f6c-9e5c-2465ecc64a21",
                    "quantity": {
                        "count": 3
                    }
                },
                {
                    "id": "0e7d2983-496f-4273-ac0e-7d473d8cdab3",
                    "fulfillment_id": "470f9cc8-9b52-4f6c-9e5c-2465ecc64a21-ReverseQC",
                    "quantity": {
                        "count": 3
                    },
                    "tags": {
                        "status": "Return_Picked"
                    }
                }
            ],
            "billing": {
                "name": "shabirahamed",
                "address": {
                    "name": "shabirahamed",
                    "building": "Sri sakthi",
                    "locality": "HRBR Layout",
                    "city": "Bengaluru",
                    "state": "Karnataka",
                    "country": "IND",
                    "area_code": "560043"
                },
                "email": "shabir@gmail.com",
                "phone": "8979879897",
                "created_at": "2023-05-30T04:03:19.515Z",
                "updated_at": "2023-05-30T04:03:19.515Z"
            },
            "fulfillments": [
                {
                    "id": "470f9cc8-9b52-4f6c-9e5c-2465ecc64a21",
                    "type": "Delivery",
                    "@ondc/org/provider_name": "Digledge Samsung",
                    "state": {
                        "descriptor": {
                            "code": "Order-delivered"
                        }
                    },
                    "tracking": true,
                    "start": {
                        "location": {
                            "id": "99068efe-7501-4a9b-9999-26b6ca944a77",
                            "descriptor": {
                                "name": "Digledge Samsung"
                            },
                            "gps": "13.009326,77.594509"
                        },
                        "time": {
                            "timestamp": "2023-05-30T04:08:59.655",
                            "range": {
                                "start": "2023-05-30T04:03:48.434Z",
                                "end": "2023-05-30T04:48:48.434Z"
                            }
                        },
                        "contact": {
                            "phone": "9886098860",
                            "email": "abcd.efgh@gmail.com"
                        }
                    },
                    "end": {
                        "location": {
                            "gps": "13.022640, 77.645180",
                            "address": {
                                "name": "shabirahamed",
                                "building": "Sri sakthi",
                                "locality": "HRBR Layout",
                                "city": "Bengaluru",
                                "state": "Karnataka",
                                "country": "IND",
                                "area_code": "560043"
                            }
                        },
                        "time": {
                            "timestamp": "2023-05-30T04:12:11.531Z",
                            "range": {
                                "start": "2023-05-30T06:18:48.434Z",
                                "end": "2023-05-30T07:03:48.434Z"
                            }
                        },
                        "contact": {
                            "phone": "8979879897",
                            "email": "shabir@gmail.com"
                        },
                        "person": {
                            "name": "shabirahamed"
                        }
                    },
                    "rateable": true
                },
                {
                    "id": "470f9cc8-9b52-4f6c-9e5c-2465ecc64a21-ReverseQC",
                    "type": "Reverse QC",
                    "@ondc/org/provider_name": "Digledge Samsung",
                    "state": {
                        "descriptor": {
                            "code": "Order-picked-up"
                        }
                    },
                    "tracking": true,
                    "start": {
                        "location": {
                            "descriptor": {
                                "name": "shabirahamed"
                            },
                            "gps": "13.022640, 77.645180",
                            "address": {
                                "name": "shabirahamed",
                                "building": "Sri sakthi",
                                "locality": "HRBR Layout",
                                "city": "Bengaluru",
                                "state": "Karnataka",
                                "country": "IND",
                                "area_code": "560043"
                            }
                        },
                        "time": {
                            "timestamp": "2023-05-30T04:15:10.444Z",
                            "range": {
                                "start": "2023-05-30T04:14:04.000Z",
                                "end": "2023-05-30T04:59:04.000Z"
                            }
                        },
                        "contact": {
                            "phone": "8979879897",
                            "email": "shabir@gmail.com"
                        },
                        "person": {
                            "name": "shabirahamed"
                        }
                    },
                    "end": {
                        "location": {
                            "gps": "13.009326,77.594509",
                            "address": {
                                "name": "Digledge Samsung",
                                "building": "Digledge Samsung",
                                "street": "J.C. Nagar",
                                "locality": "JC Nagar Main Rd, Munireddypalya",
                                "city": "Bengaluru",
                                "state": "Karnataka",
                                "country": "IND",
                                "area_code": "560006"
                            }
                        },
                        "time": {
                            "range": {
                                "start": "2023-05-30T04:59:04.000Z",
                                "end": "2023-05-30T05:44:04.000Z"
                            }
                        },
                        "contact": {
                            "phone": "9886098860",
                            "email": "abcd.efgh@gmail.com"
                        }
                    }
                }
            ],
            "quote": {
                "price": {
                    "currency": "INR",
                    "value": "108.28"
                },
                "breakup": [
                    {
                        "@ondc/org/item_id": "bfd70c8a-d56d-4dc6-b91f-be77c1a431dd",
                        "@ondc/org/item_quantity": {
                            "count": 3
                        },
                        "@ondc/org/title_type": "item",
                        "item": {
                            "price": {
                                "currency": "INR",
                                "value": "30"
                            }
                        },
                        "title": "Daawat Basmati Rice 1kg",
                        "price": {
                            "currency": "INR",
                            "value": "90.00"
                        }
                    },
                    {
                        "@ondc/org/item_id": "0e7d2983-496f-4273-ac0e-7d473d8cdab3",
                        "@ondc/org/item_quantity": {
                            "count": 0
                        },
                        "@ondc/org/title_type": "item",
                        "item": {
                            "price": {
                                "currency": "INR",
                                "value": "35"
                            }
                        },
                        "title": "Daawat Traditional Basmati Rice 1kg",
                        "price": {
                            "currency": "INR",
                            "value": "0"
                        }
                    },
                    {
                        "@ondc/org/item_id": "470f9cc8-9b52-4f6c-9e5c-2465ecc64a21",
                        "@ondc/org/title_type": "delivery",
                        "title": "Delivery Charges",
                        "price": {
                            "currency": "INR",
                            "value": "18.28"
                        }
                    }
                ],
                "ttl": "P1D"
            },
            "payment": {
                "uri": "https://juspay.in/",
                "tl_method": "http/get",
                "params": {
                    "transaction_id": "ONDC-5229ba20-5da9-475d-b11c-6d6ee6967cea-1",
                    "amount": "213.28",
                    "currency": "INR"
                },
                "type": "ON-ORDER",
                "status": "PAID",
                "collected_by": "BAP",
                "@ondc/org/buyer_app_finder_fee_type": "percent",
                "@ondc/org/buyer_app_finder_fee_amount": "3.0",
                "@ondc/org/settlement_details": [
                    {
                        "settlement_counterparty": "seller-app",
                        "settlement_phase": "sale-amount",
                        "settlement_type": "neft",
                        "settlement_bank_account_no": "1000000000",
                        "settlement_ifsc_code": "SBIN12345",
                        "bank_name": "SBI",
                        "branch_name": "CNN",
                        "beneficiary_address": "test address"
                    }
                ]
            },
            "created_at": "2023-05-30T04:03:47.759Z",
            "updated_at": "2023-05-30T04:15:10.444Z"
        }
    }
}