{
    "context": {
        "domain": "nic2004:52110",
        "country": "IND",
        "city": "std:080",
        "action": "on_search",
        "core_version": "1.1.0",
        "bap_id": "buyer-app-preprod.ondc.org",
        "bap_uri": "https://buyer-app-preprod.ondc.org/protocol/v1",
        "bpp_id": "seller.ondc.digiledge.in",
        "bpp_uri": "https://seller.ondc.digiledge.in/v1/preprod",
        "transaction_id": "5229ba20-5da9-475d-b11c-6d6ee6967cea",
        "message_id": "e5738f6e-4bc4-4e2b-ae1c-cbc8b0ec6b8f",
        "timestamp": "2023-05-30T04:03:02.455Z",
        "ttl": "PT30S"
    },
    "message": {
        "catalog": {
            "bpp/descriptor": {
                "name": "Digiledge",
                "symbol": "https://www.digiledge.in/assets/img/logo1.png",
                "short_desc": "Digiledge",
                "long_desc": "Digiledge",
                "images": [
                    "https://www.digiledge.in/assets/img/logo1.png"
                ]
            },
            "bpp/fulfillments": [
                {
                    "id": "470f9cc8-9b52-4f6c-9e5c-2465ecc64a21",
                    "type": "Delivery"
                }
            ],
            "bpp/providers": [
                {
                    "id": "DIGLE98081",
                    "descriptor": {
                        "name": "Digledge Samsung",
                        "symbol": "https://images.indianexpress.com/2023/01/custom-roms.jpg",
                        "short_desc": "test short desc",
                        "long_desc": "Digiledge samsung is a test seller that has dummy samsung product data with which users can place orders.",
                        "images": [
                            "https://images.indianexpress.com/2023/01/custom-roms.jpg"
                        ]
                    },
                    "time": {
                        "label": "enable",
                        "timestamp": "2023-05-30T04:03:02.455Z"
                    },
                    "fulfillments": [
                        {
                            "contact": {
                                "phone": "9886098860",
                                "email": "abcd.efgh@gmail.com"
                            }
                        }
                    ],
                    "locations": [
                        {
                            "id": "99068efe-7501-4a9b-9999-26b6ca944a77",
                            "gps": "13.009326,77.594509",
                            "address": {
                                "building": "Digledge Samsung",
                                "street": "J.C. Nagar",
                                "locality": "JC Nagar Main Rd, Munireddypalya",
                                "city": "Bengaluru",
                                "state": "Karnataka",
                                "country": "IND",
                                "area_code": "560006"
                            },
                            "time": {
                                "range": {
                                    "start": "0900",
                                    "end": "2100"
                                },
                                "days": "1,2,3,4,5,6,7",
                                "schedule": {
                                    "holidays": [
                                        "2023-06-04"
                                    ]
                                }
                            },
                            "rateable": true
                        }
                    ],
                    "items": [
                        {
                            "id": "bfd70c8a-d56d-4dc6-b91f-be77c1a431dd",
                            "descriptor": {
                                "name": "Daawat Basmati Rice 1kg",
                                "symbol": "https://d2pyicwmjx3wii.cloudfront.net/s/632dcf060c84820019e5c3eb/63fd87dd6b40654d77d70131/miniket-rice-10-kg.jpg",
                                "short_desc": "Daawat Traditional Basmati Rice 1kg",
                                "long_desc": "Daawat Traditional Basmati Rice 1kg",
                                "images": [
                                    "https://d2pyicwmjx3wii.cloudfront.net/s/632dcf060c84820019e5c3eb/63fd87dd6b40654d77d70131/miniket-rice-10-kg.jpg"                                ]
                            },
                            "price": {
                                "currency": "INR",
                                "value": "30",
                                "maximum_value": "50"
                            },
                            "category_id": "Foodgrains",
                            "fulfillment_id": "470f9cc8-9b52-4f6c-9e5c-2465ecc64a21",
                            "location_id": "99068efe-7501-4a9b-9999-26b6ca944a77",
                            "recommended": true,
                            "@ondc/org/returnable": true,
                            "@ondc/org/seller_pickup_return": true,
                            "@ondc/org/return_window": "P1D",
                            "@ondc/org/cancellable": true,
                            "@ondc/org/time_to_ship": "PT30M",
                            "@ondc/org/available_on_cod": true,
                            "@ondc/org/contact_details_consumer_care": "Vishnu,vishnu@gmail.com,8735431620",
                            "@ondc/org/statutory_reqs_packaged_commodities": {
                                "manufacturer_or_packer_name": "SM RICE MANUFACTURERS AND TRADERS",
                                "manufacturer_or_packer_address": " #122, 4th Main Rd, Doctor Layout, Naganathapura, Rayasandra, Bengaluru, Karnataka 560100, India",
                                "common_or_generic_name_of_commodity": "Foodgrains",
                                "net_quantity_or_measure_of_commodity_in_pkg": "1kg",
                                "month_year_of_manufacture_packing_import": "12/2022",
                                "imported_product_country_of_origin": "IND"
                            },
                            "quantity": {
                                "available": {
                                    "count": "27"
                                },
                                "maximum": {
                                    "count": "50"
                                }
                            },
                            "tags": {
                                "non_veg": "no",
                                "veg": "yes"
                            }
                        },
                        {
                            "id": "0e7d2983-496f-4273-ac0e-7d473d8cdab3",
                            "descriptor": {
                                "name": "Daawat Traditional Basmati Rice 1kg",
                                "symbol": "https://d2pyicwmjx3wii.cloudfront.net/s/632dcf060c84820019e5c3eb/63fd87dd6b40654d77d70131/miniket-rice-10-kg.jpg",
                                "short_desc": "Daawat Traditional Basmati Rice 1kg",
                                "long_desc": "Daawat Traditional Basmati Rice 1kg",
                                "images": [
                                    "https://d2pyicwmjx3wii.cloudfront.net/s/632dcf060c84820019e5c3eb/63fd87dd6b40654d77d70131/miniket-rice-10-kg.jpg"
                                ]
                            },
                            "price": {
                                "currency": "INR",
                                "value": "35",
                                "maximum_value": "50"
                            },
                            "category_id": "Foodgrains",
                            "fulfillment_id": "470f9cc8-9b52-4f6c-9e5c-2465ecc64a21",
                            "location_id": "99068efe-7501-4a9b-9999-26b6ca944a77",
                            "recommended": true,
                            "@ondc/org/returnable": true,
                            "@ondc/org/seller_pickup_return": true,
                            "@ondc/org/return_window": "P1D",
                            "@ondc/org/cancellable": true,
                            "@ondc/org/time_to_ship": "PT30M",
                            "@ondc/org/available_on_cod": true,
                            "@ondc/org/contact_details_consumer_care": "Vishnu,vishnu@gmail.com,8735431620",
                            "@ondc/org/statutory_reqs_packaged_commodities": {
                                "manufacturer_or_packer_name": "SM RICE MANUFACTURERS AND TRADERS",
                                "manufacturer_or_packer_address": " #122, 4th Main Rd, Doctor Layout, Naganathapura, Rayasandra, Bengaluru, Karnataka 560100, India",
                                "common_or_generic_name_of_commodity": "Foodgrains",
                                "net_quantity_or_measure_of_commodity_in_pkg": "1kg",
                                "month_year_of_manufacture_packing_import": "12/2022",
                                "imported_product_country_of_origin": "IND"
                            },
                            "quantity": {
                                "available": {
                                    "count": "4"
                                },
                                "maximum": {
                                    "count": "15"
                                }
                            },
                            "tags": {
                                "non_veg": "no",
                                "veg": "yes"
                            }
                        }
                    ],
                    "ttl": "P1D",
                    "tags": [
                        {
                            "code": "serviceability",
                            "list": [
                                {
                                    "code": "location",
                                    "value": "99068efe-7501-4a9b-9999-26b6ca944a77"
                                },
                                {
                                    "code": "category",
                                    "value": "Foodgrains"
                                },
                                {
                                    "code": "type",
                                    "value": "12"
                                },
                                {
                                    "code": "val",
                                    "value": "IND"
                                },
                                {
                                    "code": "unit",
                                    "value": "country"
                                }
                            ]
                        }
                    ]
                }
            ]
        }
    }
}