{
    "context": {
        "domain": "nic2004:52110",
        "country": "IND",
        "city": "std:080",
        "action": "select",
        "core_version": "1.1.0",
        "bap_id": "buyer-app-preprod.ondc.org",
        "bap_uri": "https://buyer-app-preprod.ondc.org/protocol/v1",
        "bpp_id": "seller.ondc.digiledge.in",
        "bpp_uri": "https://seller.ondc.digiledge.in/v1/preprod",
        "transaction_id": "5229ba20-5da9-475d-b11c-6d6ee6967cea",
        "message_id": "1b21dbff-c5af-4395-b48c-c9b9b917c071",
        "timestamp": "2023-05-30T04:03:15.207Z",
        "ttl": "PT30S"
    },
    "message": {
        "order": {
            "provider": {
                "id": "DIGLE98081",
                "locations": [
                    {
                        "id": "99068efe-7501-4a9b-9999-26b6ca944a77"
                    }
                ]
            },
            "items": [
                {
                    "id": "bfd70c8a-d56d-4dc6-b91f-be77c1a431dd",
                    "location_id": "99068efe-7501-4a9b-9999-26b6ca944a77",
                    "quantity": {
                        "count": 3
                    }
                },
                {
                    "id": "0e7d2983-496f-4273-ac0e-7d473d8cdab3",
                    "location_id": "99068efe-7501-4a9b-9999-26b6ca944a77",
                    "quantity": {
                        "count": 3
                    }
                }
            ],
            "fulfillments": [
                {
                    "end": {
                        "location": {
                            "gps": "13.022640, 77.645180",
                            "address": {
                                "area_code": "560043"
                            }
                        }
                    }
                }
            ]
        }
    }
}