{
    "context": {
        "domain": "nic2004:52110",
        "country": "IND",
        "city": "std:080",
        "action": "update",
        "core_version": "1.1.0",
        "bap_id": "buyer-app-preprod.ondc.org",
        "bap_uri": "https://buyer-app-preprod.ondc.org/protocol/v1",
        "bpp_id": "seller.ondc.digiledge.in",
        "bpp_uri": "https://seller.ondc.digiledge.in/v1/preprod",
        "transaction_id": "5229ba20-5da9-475d-b11c-6d6ee6967cea",
        "message_id": "c48b7fa4-93f9-451a-a4b7-7d15ab6f8f7e",
        "timestamp": "2023-05-30T04:13:18.940Z",
        "ttl": "PT30S"
    },
    "message": {
        "update_target": "item",
        "order": {
            "id": "2023-05-30-872924",
            "state": "Completed",
            "provider": {
                "id": "DIGLE98081"
            },
            "items": [
                {
                    "id": "0e7d2983-496f-4273-ac0e-7d473d8cdab3",
                    "quantity": {
                        "count": 3
                    },
                    "tags": {
                        "reason_code": "004",
                        "ttl_approval": "P1D",
                        "ttl_reverseqc": "P3D",
                        "update_type": "return"
                    }
                }
            ]
        }
    }
}