{
    "context": {
        "domain": "ONDC:FIS12",
        "location": {
            "country": {
                "code": "IND"
            },
            "city": {
                "code": "*"
            }
        },
        "transaction_id": "c75fa13d-800d-45a0-a351-860a838893a1",
        "message_id": "8b14155d-644e-4a9f-85e7-6e62a9c1297a",
        "action": "init",
        "timestamp": "2023-12-18T13:27:22.725Z",
        "version": "2.0.0",
        "bap_uri": "https://ondcfinancepreprod.easypay.co.in/ecommerce/ondc/buyer-finance/",
        "bap_id": "ondcfinancepreprod.easypay.co.in",
        "bpp_uri": "https://dmi-ondcpreprod.refo.dev/app/ondc/seller",
        "bpp_id": "dmi-ondcpreprod.refo.dev",
        "ttl": "PT30M"
    },
    "message": {
        "order": {
            "provider": {
                "id": "101"
            },
            "items": [
                {
                    "id": "d9eb81e2-96b5-477f-98dc-8518ad60d72e",
                    "xinput": {
                        "form_response": {
                            "status": "SUCCESS",
                            "submission_id": "f6ba9848-793d-4ccd-af4e-a63dc90e9479"
                        },
                        "form": {
                            "id": "239aa2a4-9c87-4286-9b7c-bcb3bb75076e"
                        }
                    }
                }
            ],
            "payments": [
                {
                    "collected_by": "BPP",
                    "tags": [
                        {
                            "descriptor": {
                                "code": "BUYER_FINDER_FEES"
                            },
                            "display": false,
                            "list": [
                                {
                                    "descriptor": {
                                        "code": "BUYER_FINDER_FEES_TYPE"
                                    },
                                    "value": "percent-annualized"
                                },
                                {
                                    "descriptor": {
                                        "code": "BUYER_FINDER_FEES_PERCENTAGE"
                                    },
                                    "value": "1"
                                }
                            ]
                        },
                        {
                            "descriptor": {
                                "code": "SETTLEMENT_TERMS"
                            },
                            "display": false,
                            "list": [
                                {
                                    "descriptor": {
                                        "code": "SETTLEMENT_AMOUNT"
                                    },
                                    "value": "1000"
                                },
                                {
                                    "descriptor": {
                                        "code": "SETTLEMENT_WINDOW"
                                    },
                                    "value": "PT60M"
                                },
                                {
                                    "descriptor": {
                                        "code": "STATIC_TERMS"
                                    },
                                    "value": "https://easypay.in/loan.html"
                                },
                                {
                                    "descriptor": {
                                        "code": "SETTLEMENT_BASIS"
                                    },
                                    "value": "invoice_receipt"
                                },
                                {
                                    "descriptor": {
                                        "code": "SETTLEMENT_TYPE"
                                    },
                                    "value": "upi"
                                },
                                {
                                    "descriptor": {
                                        "code": "DELAY_INTEREST"
                                    },
                                    "value": "2.5"
                                }
                            ]
                        }
                    ],
                    "params": {
                        "bank_code": "SBIN0000541",
                        "bank_account_number": "35330265768",
                        "virtual_payment_address": "7745810700@upi"
                    },
                    "type": "ON_ORDER"
                }
            ]
        }
    }
}