{
    "context": {
        "domain": "ONDC:FIS12",
        "location": {
            "country": {
                "code": "IND"
            },
            "city": {
                "code": "*"
            }
        },
        "version": "2.0.0",
        "action": "on_status",
        "ttl": "PT59M",
        "timestamp": "2023-12-18T13:28:32.500Z",
        "bap_id": "ondcfinancepreprod.easypay.co.in",
        "bap_uri": "https://ondcfinancepreprod.easypay.co.in/ecommerce/ondc/buyer-finance/",
        "transaction_id": "c75fa13d-800d-45a0-a351-860a838893a1",
        "message_id": "101a42cb-f980-4172-aaf2-c1be1f490263",
        "bpp_id": "dmi-ondcpreprod.refo.dev",
        "bpp_uri": "https://dmi-ondcpreprod.refo.dev/app/ondc/seller"
    },
    "message": {
        "order": {
            "provider": {
                "id": "101",
                "descriptor": {
                    "images": [
                        {
                            "url": "https://refo-static-public.s3.ap-south-1.amazonaws.com/dmi/dmi-sm.png",
                            "size_type": "sm"
                        },
                        {
                            "url": "https://refo-static-public.s3.ap-south-1.amazonaws.com/dmi/dmi-md.png",
                            "size_type": "md"
                        },
                        {
                            "url": "https://refo-static-public.s3.ap-south-1.amazonaws.com/dmi/dmi-lg.png",
                            "size_type": "lg"
                        }
                    ],
                    "name": "DMI FINANCE PRIVATE LIMITED",
                    "short_desc": "DMI FINANCE PRIVATE LIMITED",
                    "long_desc": "DMI FINANCE PRIVATE LIMITED"
                },
                "tags": [
                    {
                        "descriptor": {
                            "code": "CONTACT_INFO",
                            "name": "Contact Info"
                        },
                        "list": [
                            {
                                "descriptor": {
                                    "code": "GRO_NAME",
                                    "name": "Gro name"
                                },
                                "value": "Ashish Sarin"
                            },
                            {
                                "descriptor": {
                                    "code": "GRO_EMAIL",
                                    "name": "Gro email"
                                },
                                "value": "head.services@dmifinance.in/grievance@dmifinance.in"
                            },
                            {
                                "descriptor": {
                                    "code": "GRO_CONTACT_NUMBER",
                                    "name": "Gro contact number"
                                },
                                "value": "011-41204444"
                            },
                            {
                                "descriptor": {
                                    "code": "GRO_DESIGNATION",
                                    "name": "Gro Designation"
                                },
                                "value": "Senior Vice President - Customer Success"
                            },
                            {
                                "descriptor": {
                                    "code": "GRO_ADDRESS",
                                    "name": "Gro Address"
                                },
                                "value": "Express Building, 3rd Floor, 9-10, Bahadur Shah Zafar Marg, New Delhi-110002"
                            },
                            {
                                "descriptor": {
                                    "code": "CUSTOMER_SUPPORT_LINK",
                                    "name": "Customer support link"
                                },
                                "value": "https://portal.dmifinance.in"
                            },
                            {
                                "descriptor": {
                                    "code": "CUSTOMER_SUPPORT_CONTACT_NUMBER",
                                    "name": "Customer support contact number"
                                },
                                "value": "9350657100"
                            },
                            {
                                "descriptor": {
                                    "code": "CUSTOMER_SUPPORT_EMAIL",
                                    "name": "Customer support email"
                                },
                                "value": "customercare@dmifinance.in"
                            }
                        ]
                    },
                    {
                        "descriptor": {
                            "code": "LSP_INFO",
                            "name": "Lsp Info"
                        },
                        "list": [
                            {
                                "descriptor": {
                                    "code": "LSP_NAME",
                                    "name": "Lsp name"
                                },
                                "value": "DMI Finance Pvt. Ltd"
                            },
                            {
                                "descriptor": {
                                    "code": "LSP_EMAIL",
                                    "name": "Lsp email"
                                },
                                "value": "customercare@dmifinance.in"
                            },
                            {
                                "descriptor": {
                                    "code": "LSP_CONTACT_NUMBER",
                                    "name": "Lsp contact number"
                                },
                                "value": "9350657100"
                            },
                            {
                                "descriptor": {
                                    "code": "LSP_ADDRESS",
                                    "name": "Lsp Address"
                                },
                                "value": "Express Building, 3rd Floor, 9-10, Bahadur Shah Zafar Marg New Delhi-110002"
                            }
                        ]
                    }
                ]
            },
            "items": [
                {
                    "id": "d9eb81e2-96b5-477f-98dc-8518ad60d72e",
                    "descriptor": {
                        "code": "PERSONAL_LOAN",
                        "name": "Personal Loan"
                    },
                    "price": {
                        "currency": "INR",
                        "value": "60071.97"
                    },
                    "tags": [
                        {
                            "descriptor": {
                                "code": "LOAN_INFO",
                                "name": "Loan Information"
                            },
                            "list": [
                                {
                                    "descriptor": {
                                        "code": "INTEREST_RATE",
                                        "name": "Interest Rate",
                                        "short_desc": "Loans starting from 20.00% (p.a.)"
                                    },
                                    "value": "20.00%"
                                },
                                {
                                    "descriptor": {
                                        "code": "TERM",
                                        "name": "Loan Term",
                                        "short_desc": "Loans Duration 24 Months"
                                    },
                                    "value": "24 Months"
                                },
                                {
                                    "descriptor": {
                                        "code": "INTEREST_RATE_TYPE",
                                        "name": "Interest rate type",
                                        "short_desc": "Interest rate type"
                                    },
                                    "value": "FIXED"
                                },
                                {
                                    "descriptor": {
                                        "code": "APPLICATION_FEE",
                                        "name": "Application Fees",
                                        "short_desc": "Application Fees"
                                    },
                                    "value": "0"
                                },
                                {
                                    "descriptor": {
                                        "code": "FORECLOSURE_FEE",
                                        "name": "Foreclosure Penalty",
                                        "short_desc": "Foreclosure Penalty"
                                    },
                                    "value": "4.00%"
                                },
                                {
                                    "descriptor": {
                                        "code": "INTEREST_RATE_CONVERSION_CHARGE",
                                        "name": "Interest rate conversion charges",
                                        "short_desc": "Interest rate conversion charges"
                                    },
                                    "value": "0"
                                },
                                {
                                    "descriptor": {
                                        "code": "DELAY_PENALTY_FEE",
                                        "name": "Delayed payments penalty",
                                        "short_desc": "Delayed payments penalty"
                                    },
                                    "value": "3.00%"
                                },
                                {
                                    "descriptor": {
                                        "code": "OTHER_PENALTY_FEE",
                                        "name": "Other Penal Charges",
                                        "short_desc": "Other Penal Charges"
                                    },
                                    "value": "0"
                                },
                                {
                                    "descriptor": {
                                        "code": "TNC_LINK",
                                        "name": "Terms & Conditions",
                                        "short_desc": "Terms & Conditions"
                                    },
                                    "value": "https://www.dmifinance.in/pdf/Loan-Application-Undertaking.pdf"
                                },
                                {
                                    "descriptor": {
                                        "code": "ANNUAL_PERCENTAGE_RATE",
                                        "name": "Annual Percentage Rate",
                                        "short_desc": "Effective annualized interest rate in percentage computed on net disbursed amount using IRR approach and reducing balance method"
                                    },
                                    "value": "23.19%"
                                },
                                {
                                    "descriptor": {
                                        "code": "REPAYMENT_FREQUENCY",
                                        "name": "Repayment Frequency",
                                        "short_desc": "Repayment Frequency by borrower"
                                    },
                                    "value": "MONTHLY"
                                },
                                {
                                    "descriptor": {
                                        "code": "NUMBER_OF_INSTALLMENTS_OF_REPAYMENT",
                                        "name": "Number of installments of repayment",
                                        "short_desc": "Number of installments borrower has to make to payback the loan"
                                    },
                                    "value": "24"
                                },
                                {
                                    "descriptor": {
                                        "code": "COOL_OFF_PERIOD",
                                        "name": "Cool off period",
                                        "short_desc": "Cooling off/look-up period during which borrower shall not be charged any penalty"
                                    },
                                    "value": "5 Days"
                                },
                                {
                                    "descriptor": {
                                        "code": "INSTALLMENT_AMOUNT",
                                        "name": "Installment amount",
                                        "short_desc": "Each installment amount of repayment"
                                    },
                                    "value": "2443.00 INR"
                                }
                            ],
                            "display": true
                        }
                    ],
                    "xinput": {
                        "form": {
                            "id": "b5de9e71-a657-42b0-8dbd-97f0548a3bf0"
                        },
                        "form_response": {
                            "status": "APPROVED",
                            "submission_id": "8d15faee-6e25-4577-a09b-3f36b4fb5b6a"
                        }
                    }
                }
            ],
            "quote": {
                "id": "445370f1-93ca-47e5-a9f0-6e7f68db1d4e",
                "price": {
                    "currency": "INR",
                    "value": "60071.97"
                },
                "breakup": [
                    {
                        "title": "PRINCIPAL",
                        "price": {
                            "value": "48000.00",
                            "currency": "INR"
                        }
                    },
                    {
                        "title": "INTEREST",
                        "price": {
                            "value": "10631.97",
                            "currency": "INR"
                        }
                    },
                    {
                        "title": "NET_DISBURSED_AMOUNT",
                        "price": {
                            "value": "46560.00",
                            "currency": "INR"
                        }
                    },
                    {
                        "title": "OTHER_UPFRONT_CHARGES",
                        "price": {
                            "value": "0",
                            "currency": "INR"
                        }
                    },
                    {
                        "title": "INSURANCE_CHARGES",
                        "price": {
                            "value": "0",
                            "currency": "INR"
                        }
                    },
                    {
                        "title": "OTHER_CHARGES",
                        "price": {
                            "value": "0",
                            "currency": "INR"
                        }
                    },
                    {
                        "title": "PROCESSING_FEE",
                        "price": {
                            "value": "1440.00",
                            "currency": "INR"
                        }
                    }
                ],
                "ttl": "PT29D23H57M"
            }
        }
    }
}