{
    "context": {
        "domain": "ONDC:FIS12",
        "location": {
            "country": {
                "code": "IND"
            },
            "city": {
                "code": "*"
            }
        },
        "version": "2.0.0",
        "action": "on_select",
        "ttl": "PT59M",
        "timestamp": "2023-12-18T13:25:22.410Z",
        "bap_id": "ondcfinancepreprod.easypay.co.in",
        "bap_uri": "https://ondcfinancepreprod.easypay.co.in/ecommerce/ondc/buyer-finance/",
        "transaction_id": "c75fa13d-800d-45a0-a351-860a838893a1",
        "message_id": "ad1b9f19-5c68-4b70-9f99-578061bf31de",
        "bpp_id": "dmi-ondcpreprod.refo.dev",
        "bpp_uri": "https://dmi-ondcpreprod.refo.dev/app/ondc/seller"
    },
    "message": {
        "order": {
            "provider": {
                "id": "101",
                "descriptor": {
                    "images": [
                        {
                            "url": "https://refo-static-public.s3.ap-south-1.amazonaws.com/dmi/dmi-sm.png",
                            "size_type": "sm"
                        },
                        {
                            "url": "https://refo-static-public.s3.ap-south-1.amazonaws.com/dmi/dmi-md.png",
                            "size_type": "md"
                        },
                        {
                            "url": "https://refo-static-public.s3.ap-south-1.amazonaws.com/dmi/dmi-lg.png",
                            "size_type": "lg"
                        }
                    ],
                    "name": "DMI FINANCE PRIVATE LIMITED",
                    "short_desc": "DMI FINANCE PRIVATE LIMITED",
                    "long_desc": "DMI FINANCE PRIVATE LIMITED"
                },
                "tags": [
                    {
                        "descriptor": {
                            "code": "CONTACT_INFO",
                            "name": "Contact Info"
                        },
                        "list": [
                            {
                                "descriptor": {
                                    "code": "GRO_NAME",
                                    "name": "Gro name"
                                },
                                "value": "Ashish Sarin"
                            },
                            {
                                "descriptor": {
                                    "code": "GRO_EMAIL",
                                    "name": "Gro email"
                                },
                                "value": "head.services@dmifinance.in/grievance@dmifinance.in"
                            },
                            {
                                "descriptor": {
                                    "code": "GRO_CONTACT_NUMBER",
                                    "name": "Gro contact number"
                                },
                                "value": "011-41204444"
                            },
                            {
                                "descriptor": {
                                    "code": "GRO_DESIGNATION",
                                    "name": "Gro Designation"
                                },
                                "value": "Senior Vice President - Customer Success"
                            },
                            {
                                "descriptor": {
                                    "code": "GRO_ADDRESS",
                                    "name": "Gro Address"
                                },
                                "value": "Express Building, 3rd Floor, 9-10, Bahadur Shah Zafar Marg, New Delhi-110002"
                            },
                            {
                                "descriptor": {
                                    "code": "CUSTOMER_SUPPORT_LINK",
                                    "name": "Customer support link"
                                },
                                "value": "https://portal.dmifinance.in"
                            },
                            {
                                "descriptor": {
                                    "code": "CUSTOMER_SUPPORT_CONTACT_NUMBER",
                                    "name": "Customer support contact number"
                                },
                                "value": "9350657100"
                            },
                            {
                                "descriptor": {
                                    "code": "CUSTOMER_SUPPORT_EMAIL",
                                    "name": "Customer support email"
                                },
                                "value": "customercare@dmifinance.in"
                            }
                        ]
                    },
                    {
                        "descriptor": {
                            "code": "LSP_INFO",
                            "name": "Lsp Info"
                        },
                        "list": [
                            {
                                "descriptor": {
                                    "code": "LSP_NAME",
                                    "name": "Lsp name"
                                },
                                "value": "DMI Finance Pvt. Ltd"
                            },
                            {
                                "descriptor": {
                                    "code": "LSP_EMAIL",
                                    "name": "Lsp email"
                                },
                                "value": "customercare@dmifinance.in"
                            },
                            {
                                "descriptor": {
                                    "code": "LSP_CONTACT_NUMBER",
                                    "name": "Lsp contact number"
                                },
                                "value": "9350657100"
                            },
                            {
                                "descriptor": {
                                    "code": "LSP_ADDRESS",
                                    "name": "Lsp Address"
                                },
                                "value": "Express Building, 3rd Floor, 9-10, Bahadur Shah Zafar Marg New Delhi-110002"
                            }
                        ]
                    }
                ]
            },
            "items": [
                {
                    "id": "d9eb81e2-96b5-477f-98dc-8518ad60d72e",
                    "tags": [
                        {
                            "descriptor": {
                                "code": "CONSENT_INFO",
                                "name": "Consent Information"
                            },
                            "list": [
                                {
                                    "descriptor": {
                                        "code": "CONSENT_HANDLER",
                                        "name": "Consent Handler"
                                    },
                                    "value": "2af51f4e-6f57-43ea-9cd9-0e9cece81bdc"
                                }
                            ],
                            "display": true
                        }
                    ],
                    "xinput": {
                        "form": {
                            "id": "738bbd2e-7ba7-4732-bda9-9b0314896694"
                        },
                        "form_response": {
                            "status": "PENDING",
                            "submission_id": "70cf98d0-4d0e-4ba1-8427-c554199bdcb4"
                        }
                    }
                }
            ]
        }
    }
}