{
    "context": {
        "domain": "ONDC:FIS12",
        "location": {
            "country": {
                "code": "IND"
            },
            "city": {
                "code": "*"
            }
        },
        "transaction_id": "c75fa13d-800d-45a0-a351-860a838893a1",
        "message_id": "33bfbbea-f044-4975-b3ec-2525143a0d1b",
        "action": "select",
        "timestamp": "2023-12-18T13:27:03.820Z",
        "version": "2.0.0",
        "bap_uri": "https://ondcfinancepreprod.easypay.co.in/ecommerce/ondc/buyer-finance/",
        "bap_id": "ondcfinancepreprod.easypay.co.in",
        "bpp_uri": "https://dmi-ondcpreprod.refo.dev/app/ondc/seller",
        "bpp_id": "dmi-ondcpreprod.refo.dev",
        "ttl": "PT30M"
    },
    "message": {
        "order": {
            "provider": {
                "id": "101"
            },
            "items": [
                {
                    "id": "d9eb81e2-96b5-477f-98dc-8518ad60d72e",
                    "xinput": {
                        "form_response": {
                            "status": "SUCCESS",
                            "submission_id": "903b1d87-8dd7-45eb-8b02-a8d24bf352db"
                        },
                        "form": {
                            "id": "fca64af6-a990-4b25-9a9c-6f7902466c65"
                        }
                    }
                }
            ]
        }
    }
}