{
    "context": {
        "domain": "ONDC:FIS12",
        "location": {
            "country": {
                "code": "IND"
            },
            "city": {
                "code": "*"
            }
        },
        "transaction_id": "c75fa13d-800d-45a0-a351-860a838893a1",
        "message_id": "d226c94f-b7cf-4ae7-8a8f-cf07d175787e",
        "action": "select",
        "timestamp": "2023-12-18T13:26:23.417Z",
        "version": "2.0.0",
        "bap_uri": "https://ondcfinancepreprod.easypay.co.in/ecommerce/ondc/buyer-finance/",
        "bap_id": "ondcfinancepreprod.easypay.co.in",
        "bpp_uri": "https://dmi-ondcpreprod.refo.dev/app/ondc/seller",
        "bpp_id": "dmi-ondcpreprod.refo.dev",
        "ttl": "PT30M"
    },
    "message": {
        "order": {
            "provider": {
                "id": "101"
            },
            "items": [
                {
                    "id": "d9eb81e2-96b5-477f-98dc-8518ad60d72e",
                    "xinput": {
                        "form_response": {
                            "status": "APPROVED",
                            "submission_id": "70cf98d0-4d0e-4ba1-8427-c554199bdcb4"
                        },
                        "form": {
                            "id": "738bbd2e-7ba7-4732-bda9-9b0314896694"
                        }
                    }
                }
            ]
        }
    }
}