{
    "context": {
        "domain": "ONDC:FIS12",
        "location": {
            "country": {
                "code": "IND"
            },
            "city": {
                "code": "*"
            }
        },
        "transaction_id": "c75fa13d-800d-45a0-a351-860a838893a1",
        "message_id": "dc03a3f4-64c0-4753-bc9a-2915297ab943",
        "action": "status",
        "timestamp": "2023-12-18T13:29:36.219Z",
        "version": "2.0.0",
        "bap_uri": "https://ondcfinancepreprod.easypay.co.in/ecommerce/ondc/buyer-finance/",
        "bap_id": "ondcfinancepreprod.easypay.co.in",
        "bpp_uri": "https://dmi-ondcpreprod.refo.dev/app/ondc/seller",
        "bpp_id": "dmi-ondcpreprod.refo.dev",
        "ttl": "PT30M"
    },
    "message": {
        "ref_id": "c75fa13d-800d-45a0-a351-860a838893a1"
    }
}