{
  "context": {
    "domain": "nic2004:60232",
    "country": "IND",
    "city": "std:022",
    "action": "cancel",
    "core_version": "1.1.0",
    "bap_id": "preprod-ondc.viranc.com/p/v1/store",
    "bap_uri": "https://preprod-ondc.viranc.com/p/v1/store/bapl",
    "bpp_id": "ondcpp.yaarilabs.com",
    "bpp_uri": "https://ondcpp.yaarilabs.com/api/ondc/preprod",
    "transaction_id": "59f240d8-2edf-580f-a064-02810bb61b4c",
    "message_id": "d288d144-9e6d-5723-8ebf-07f2ca723f8a",
    "timestamp": "2023-04-06T10:33:15.001Z",
    "ttl": "PT30S"
  },
  "message": {
    "order_id": "59f240d8-2edf-580f-a064-02810bb61b4c",
    "cancellation_reason_id": "001"
  }
}
