{
  "context": {
    "domain": "nic2004:60232",
    "country": "IND",
    "city": "std:022",
    "action": "confirm",
    "core_version": "1.1.0",
    "bap_id": "preprod-ondc.viranc.com/p/v1/store",
    "bap_uri": "https://preprod-ondc.viranc.com/p/v1/store/bapl",
    "bpp_id": "ondcpp.yaarilabs.com",
    "bpp_uri": "https://ondcpp.yaarilabs.com/api/ondc/preprod",
    "transaction_id": "59f240d8-2edf-580f-a064-02810bb61b4c",
    "message_id": "b9902fbe-31c7-5209-943d-d76dd7e27e1d",
    "timestamp": "2023-04-06T09:26:45.244Z",
    "ttl": "PT30S"
  },
  "message": {
    "order": {
      "id": "59f240d8-2edf-580f-a064-02810bb61b4c",
      "state": "Created",
      "provider": { "id": "2354" },
      "items": [
        {
          "id": "YAARI-2354-Q1PLSGRVVI",
          "category_id": "Standard Delivery",
          "descriptor": { "code": "P2H2P" }
        }
      ],
      "quote": {
        "price": { "value": "41.3", "currency": "INR" },
        "breakup": [
          {
            "price": { "value": "41.3", "currency": "INR" },
            "@ondc/org/item_id": "YAARI-2354-Q1PLSGRVVI",
            "@ondc/org/title_type": "Delivery Charge"
          }
        ]
      },
      "fulfillments": [
        {
          "id": "1",
          "type": "Prepaid",
          "start": {
            "person": { "name": "Test" },
            "location": {
              "gps": "18.9346525,72.8363315",
              "address": {
                "name": "ONDC Test Seller Store",
                "building": "Fort",
                "locality": "Fort",
                "city": "Mumbai",
                "state": "Maharashtra",
                "country": "India",
                "area_code": "400001"
              }
            },
            "contact": { "phone": "9999999999", "email": "test@test.com" },
            "instructions": {
              "long_desc": "QR code will be attached to package",
              "short_desc": "2192644"
            }
          },
          "end": {
            "person": { "name": "Prashant Dwivedi" },
            "location": {
              "gps": "18.9391840000001,72.837118",
              "address": {
                "name": "Prashant Dwivedi",
                "building": "Mukund Hospital",
                "locality": "Mumbai, Mumbai",
                "city": "Mumbai",
                "state": "Maharashtra",
                "country": "IND",
                "area_code": "400001"
              }
            },
            "contact": {
              "phone": "9191919191",
              "email": "prashant.dwivedi@stspl.com"
            },
            "instructions": {
              "long_desc": "Delivery Confirmation Code",
              "short_desc": "2192644"
            }
          },
          "tags": { "@ondc/org/order_ready_to_ship": "no" }
        }
      ],
      "billing": {
        "name": "ONDC Test Seller Store",
        "address": {
          "name": "ONDC Test Seller Store",
          "building": "Fort",
          "locality": "Fort",
          "city": "Mumbai",
          "state": "Maharashtra",
          "country": "India",
          "area_code": "400001"
        },
        "tax_number": "pan_number",
        "phone": "9999999999",
        "email": "test@gmail.com",
        "created_at": "2023-04-06T09:26:29.120Z",
        "updated_at": "2023-04-06T09:26:29.120Z"
      },
      "payment": {
        "@ondc/org/collection_amount": "123.91",
        "collected_by": "BAP",
        "type": "POST-FULFILLMENT",
        "@ondc/org/settlement_details": []
      },
      "@ondc/org/linked_order": {
        "items": [
          {
            "category_id": "Grocery",
            "descriptor": {
              "name": "Pillsbury Chakki Fresh Whole Wheat Atta, 1 kg"
            },
            "quantity": {
              "count": 1,
              "measure": { "unit": "Kilogram", "value": 1 }
            },
            "price": { "currency": "INR", "value": "79.00" }
          }
        ],
        "provider": {
          "descriptor": { "name": "ONDC Test Seller Store" },
          "address": {
            "name": "ONDC Test Seller Store",
            "street": "Fort",
            "locality": "Fort",
            "city": "Mumbai",
            "state": "Maharashtra",
            "area_code": "400001"
          }
        },
        "order": {
          "id": "2023-04-06-680928",
          "weight": { "unit": "Kilogram", "value": 1 }
        }
      },
      "created_at": "2023-04-06T09:26:45.244Z",
      "updated_at": "2023-04-06T09:26:45.244Z"
    }
  }
}
