{
  "context": {
    "domain": "nic2004:60232",
    "country": "IND",
    "city": "std:022",
    "action": "init",
    "core_version": "1.1.0",
    "bap_id": "preprod-ondc.viranc.com/p/v1/store",
    "bap_uri": "https://preprod-ondc.viranc.com/p/v1/store/bapl",
    "bpp_id": "ondcpp.yaarilabs.com",
    "bpp_uri": "https://ondcpp.yaarilabs.com/api/ondc/preprod",
    "transaction_id": "59f240d8-2edf-580f-a064-02810bb61b4c",
    "message_id": "d4e75fed-ef89-5fd2-9769-5cbc2a667b53",
    "timestamp": "2023-04-06T09:26:29.120Z",
    "ttl": "PT30S"
  },
  "message": {
    "order": {
      "provider": { "id": "2354" },
      "items": [
        {
          "id": "YAARI-2354-Q1PLSGRVVI",
          "category_id": "Standard Delivery",
          "descriptor": { "code": "P2H2P" }
        }
      ],
      "fulfillments": [
        {
          "id": "1",
          "type": "Prepaid",
          "start": {
            "location": {
              "gps": "18.9346525,72.8363315",
              "address": {
                "name": "ONDC Test Seller Store",
                "building": "Fort",
                "locality": "Fort",
                "city": "Mumbai",
                "state": "Maharashtra",
                "country": "India",
                "area_code": "400001"
              }
            },
            "contact": { "phone": "9999999999", "email": "test@test.com" }
          },
          "end": {
            "location": {
              "gps": "18.9391840000001,72.837118",
              "address": {
                "name": "Prashant Dwivedi",
                "building": "Mukund Hospital",
                "locality": "Mumbai, Mumbai",
                "city": "Mumbai",
                "state": "Maharashtra",
                "country": "IND",
                "area_code": "400001"
              }
            },
            "contact": {
              "phone": "9191919191",
              "email": "prashant.dwivedi@stspl.com"
            }
          }
        }
      ],
      "billing": {
        "name": "ONDC Test Seller Store",
        "address": {
          "name": "ONDC Test Seller Store",
          "building": "Fort",
          "locality": "Fort",
          "city": "Mumbai",
          "state": "Maharashtra",
          "country": "India",
          "area_code": "400001"
        },
        "tax_number": "pan_number",
        "phone": "9999999999",
        "email": "test@gmail.com",
        "created_at": "2023-04-06T09:26:29.120Z",
        "updated_at": "2023-04-06T09:26:29.120Z"
      },
      "payment": { "@ondc/org/settlement_details": [] }
    }
  }
}
