{
  "context": {
    "domain": "nic2004:60232",
    "country": "IND",
    "city": "std:022",
    "core_version": "1.1.0",
    "bpp_id": "ondcpp.yaarilabs.com",
    "bpp_uri": "https://ondcpp.yaarilabs.com/api/ondc/preprod",
    "transaction_id": "59f240d8-2edf-580f-a064-02810bb61b4c",
    "message_id": "b9902fbe-31c7-5209-943d-d76dd7e27e1d",
    "bap_id": "preprod-ondc.viranc.com/p/v1/store",
    "bap_uri": "https://preprod-ondc.viranc.com/p/v1/store/bapl",
    "timestamp": "2023-04-06T09:26:49.724Z",
    "action": "on_confirm"
  },
  "message": {
    "order": {
      "id": "59f240d8-2edf-580f-a064-02810bb61b4c",
      "state": "Accepted",
      "provider": { "id": "2354" },
      "items": [
        {
          "descriptor": { "code": "P2H2P" },
          "id": "YAARI-2354-Q1PLSGRVVI",
          "category_id": "Standard Delivery"
        }
      ],
      "quote": {
        "price": { "currency": "INR", "value": "41.3" },
        "breakup": [
          {
            "price": { "currency": "INR", "value": "41.3" },
            "@ondc/org/item_id": "YAARI-2354-Q1PLSGRVVI",
            "@ondc/org/title_type": "Delivery Charge"
          }
        ]
      },
      "fulfillments": [
        {
          "state": { "descriptor": { "code": "Pending" } },
          "id": "1",
          "type": "Prepaid",
          "tracking": true,
          "@ondc/org/ewaybillno": "",
          "@ondc/org/ebnexpirydate": ""
        }
      ],
      "billing": {
        "address": {
          "name": "ONDC Test Seller Store",
          "building": "Fort",
          "locality": "Fort",
          "city": "Mumbai",
          "state": "Maharashtra",
          "country": "India",
          "area_code": "400001"
        },
        "name": "ONDC Test Seller Store",
        "phone": "9999999999",
        "email": "test@gmail.com",
        "tax_number": "pan_number",
        "created_at": "2023-04-06T09:26:29.120Z",
        "updated_at": "2023-04-06T09:26:29.120Z"
      },
      "created_at": "2023-04-06T09:26:45.244Z",
      "updated_at": "2023-04-06T09:26:49.724Z"
    }
  }
}
