{
  "context": {
    "domain": "nic2004:60232",
    "country": "IND",
    "city": "std:022",
    "core_version": "1.1.0",
    "bpp_id": "ondcpp.yaarilabs.com",
    "bpp_uri": "https://ondcpp.yaarilabs.com/api/ondc/preprod",
    "transaction_id": "59f240d8-2edf-580f-a064-02810bb61b4c",
    "message_id": "d4e75fed-ef89-5fd2-9769-5cbc2a667b53",
    "bap_id": "preprod-ondc.viranc.com/p/v1/store",
    "bap_uri": "https://preprod-ondc.viranc.com/p/v1/store/bapl",
    "timestamp": "2023-04-06T09:26:29.388Z",
    "action": "on_init"
  },
  "message": {
    "order": {
      "provider": { "id": "2354" },
      "items": [
        { "category_id": "Standard Delivery", "id": "YAARI-2354-Q1PLSGRVVI" }
      ],
      "quote": {
        "price": { "currency": "INR", "value": "41.3" },
        "breakup": [
          {
            "price": { "currency": "INR", "value": "41.3" },
            "@ondc/org/title_type": "Delivery Charge",
            "@ondc/org/item_id": "YAARI-2354-Q1PLSGRVVI"
          }
        ]
      },
      "payment": {
        "type": "ON-ORDER",
        "@ondc/org/settlement_details": [
          {
            "settlement_counterparty": "seller-app",
            "settlement_type": "upi",
            "upi_address": "gft@oksbi",
            "settlement_bank_account_no": "XXXXXXXXXX",
            "settlement_ifsc_code": "XXXXXXXXX"
          }
        ]
      }
    }
  }
}
