{
  "context": {
    "domain": "nic2004:60232",
    "country": "IND",
    "city": "std:022",
    "core_version": "1.1.0",
    "bpp_id": "ondcpp.yaarilabs.com",
    "bpp_uri": "https://ondcpp.yaarilabs.com/api/ondc/preprod",
    "transaction_id": "59f240d8-2edf-580f-a064-02810bb61b4c",
    "message_id": "e120fef3-d5b9-5ffa-b6d6-a0c7bc18c0f9",
    "bap_id": "preprod-ondc.viranc.com/p/v1/store",
    "bap_uri": "https://preprod-ondc.viranc.com/p/v1/store/bapl",
    "timestamp": "2023-04-06T09:26:19.305Z",
    "action": "on_search"
  },
  "message": {
    "catalog": {
      "bpp/fulfillments": [
        { "id": "1", "type": "Prepaid" },
        { "id": "2", "type": "CoD" },
        { "id": "3", "type": "RTO" }
      ],
      "bpp/descriptor": { "name": "Shipyaari" },
      "bpp/providers": [
        {
          "id": "2354",
          "descriptor": {
            "name": "Bluedart",
            "short_desc": "Bluedart",
            "long_desc": "Bluedart"
          },
          "categories": [
            {
              "id": "Standard Delivery",
              "time": { "label": "TAT", "duration": "P3D" }
            }
          ],
          "items": [
            {
              "id": "YAARI-2354-Q1PLSGRVVI",
              "parent_item_id": "",
              "category_id": "Standard Delivery",
              "fulfillment_id": "1",
              "descriptor": {
                "code": "P2H2P",
                "name": "Bluedart",
                "short_desc": "Bluedart",
                "long_desc": "Bluedart"
              },
              "price": { "currency": "INR", "value": "41.3" }
            },
            {
              "id": "YAARI-2354-Q1PLSGRVVI-RTO",
              "parent_item_id": "YAARI-2354-Q1PLSGRVVI",
              "category_id": "Standard Delivery",
              "fulfillment_id": 3,
              "descriptor": {
                "code": "P2H2P",
                "name": "Bluedart-RTO quote",
                "short_desc": "RTO quote",
                "long_desc": "RTO quote"
              },
              "price": { "currency": "INR", "value": "41.3" }
            }
          ]
        }
      ]
    }
  }
}
