{
  "context": {
    "domain": "nic2004:60232",
    "country": "IND",
    "city": "std:022",
    "core_version": "1.1.0",
    "bpp_id": "ondcpp.yaarilabs.com",
    "bpp_uri": "https://ondcpp.yaarilabs.com/api/ondc/preprod",
    "transaction_id": "59f240d8-2edf-580f-a064-02810bb61b4c",
    "message_id": "925b1899-4970-4ba3-98d1-ba8f4ea89fb2",
    "bap_id": "preprod-ondc.viranc.com/p/v1/store",
    "bap_uri": "https://preprod-ondc.viranc.com/p/v1/store/bapl",
    "timestamp": "2023-04-06T09:28:53.299Z",
    "action": "on_update"
  },
  "message": {
    "order": {
      "items": [
        {
          "descriptor": { "code": "P2H2P" },
          "id": "YAARI-2354-Q1PLSGRVVI",
          "category_id": "Standard Delivery"
        }
      ],
      "fulfillments": [
        {
          "start": {
            "time": {
              "range": {
                "start": "2023-04-07T01:30:00.000Z",
                "end": "2023-04-07T16:30:00.000Z"
              }
            }
          },
          "id": "1",
          "type": "Prepaid",
          "@ondc/org/awb_no": "81188039973",
          "@ondc/org/ewaybillno": "",
          "@ondc/org/ebnexpirydate": ""
        }
      ],
      "id": "59f240d8-2edf-580f-a064-02810bb61b4c",
      "state": "In-progress",
      "updated_at": "2023-04-06T09:28:53.299Z"
    }
  }
}
