{
  "context": {
    "domain": "nic2004:60232",
    "country": "IND",
    "city": "std:022",
    "action": "update",
    "core_version": "1.1.0",
    "bap_id": "preprod-ondc.viranc.com/p/v1/store",
    "bap_uri": "https://preprod-ondc.viranc.com/p/v1/store/bapl",
    "bpp_id": "ondcpp.yaarilabs.com",
    "bpp_uri": "https://ondcpp.yaarilabs.com/api/ondc/preprod",
    "transaction_id": "59f240d8-2edf-580f-a064-02810bb61b4c",
    "message_id": "925b1899-4970-4ba3-98d1-ba8f4ea89fb2",
    "timestamp": "2023-04-06T09:28:53.156Z",
    "ttl": "PT30S"
  },
  "message": {
    "update_target": "fulfillment",
    "order": {
      "id": "59f240d8-2edf-580f-a064-02810bb61b4c",
      "state": "Accepted",
      "fulfillments": [
        {
          "id": "1",
          "type": "Prepaid",
          "start": {
            "instructions": {
              "long_desc": "QR code will be attached to package",
              "short_desc": "2192644"
            }
          },
          "end": {
            "instructions": {
              "long_desc": "Delivery Confirmation Code",
              "short_desc": "2192644"
            }
          },
          "tags": { "@ondc/org/order_ready_to_ship": "yes" }
        }
      ],
      "payment": {
        "@ondc/org/collection_amount": "123.91",
        "collected_by": "BAP",
        "type": "POST-FULFILLMENT",
        "@ondc/org/settlement_details": []
      },
      "@ondc/org/linked_order": {
        "items": [
          {
            "category_id": "Grocery",
            "descriptor": {
              "name": "Pillsbury Chakki Fresh Whole Wheat Atta, 1 kg"
            },
            "quantity": {
              "count": 1,
              "measure": { "unit": "Kilogram", "value": 1 }
            },
            "price": { "currency": "INR", "value": "79.00" }
          }
        ],
        "provider": {
          "descriptor": { "name": "ONDC Test Seller Store" },
          "address": {
            "name": "ONDC Test Seller Store",
            "street": "Fort",
            "locality": "Fort",
            "city": "Mumbai",
            "state": "Maharashtra",
            "area_code": "400001"
          }
        },
        "order": {
          "id": "2023-04-06-680928",
          "weight": { "unit": "Kilogram", "value": 1 }
        }
      },
      "updated_at": "2023-04-06T09:28:53.156Z"
    }
  }
}
