{
    "uri": "https://metrobox.preprod.triffy.in/metro/seller/confirm",
    "json": {
        "context": {
            "location": {
                "country": {
                    "code": "IND"
                },
                "city": {
                    "code": "std:044"
                }
            },
            "domain": "ONDC:TRV11",
            "timestamp": "2024-01-17T13:17:32.471Z",
            "bap_id": "staging-operator.paytm.com/preprod/OndcMetro/on_callback",
            "transaction_id": "df4c4d50-b568-11ee-827d-9be8867c2b18",
            "message_id": "df6c5870-b568-11ee-85ff-0cf75f5afede",
            "version": "2.0.0",
            "action": "confirm",
            "bap_uri": "https://staging-operator.paytm.com/OndcMetro/on_callback",
            "ttl": "PT30S",
            "bpp_id": "metrobox.staging.triffy.in",
            "bpp_uri": "https://metrobox.staging.triffy.in/metro/seller"
        },
        "message": {
            "order": {
                "items": [
                    {
                        "id": "sjt-arignarannaalandur-thousandlights-wimconagarmetro",
                        "quantity": {
                            "selected": {
                                "count": 1
                            }
                        }
                    }
                ],
                "provider": {
                    "id": "356abf8c-dbbc-4f48-8ed6-d0ebce1cb82a"
                },
                "billing": {
                    "name": "N/A",
                    "email": "",
                    "phone": "9971901764"
                },
                "payments": [
                    {
                        "collected_by": "BAP",
                        "status": "PAID",
                        "type": "PRE-ORDER",
                        "params": {
                            "transaction_id": "13058745",
                            "currency": "INR",
                            "value": "32.00"
                        },
                        "tags": []
                    }
                ]
            }
        }
    },
    "timeout": 30000,
    "method": "POST",
    "headers": {
        "Content-Type": "application/json",
        "Accept": "application/json",
        "Authorization": "Signature keyId=\"staging-operator.paytm.com/preprod/OndcMetro/on_callback|bdd29740-ae17-11ee-8fae-6f3015b50ccd|ed25519\",algorithm=\"ed25519\",created=\"1705497452\",expires=\"1705497482\",headers=\"(created) (expires) digest\",signature=\"3+5V6MT40c/ncJXmEKl3tdeyTOzUbhK2PakGf/v6YVBtlthEpVnvwGC8brLQ7e+NmNSMsL4+HjwyBRZwBdPiDA==\""
    }
}