{
    "context": {
        "action": "on_init",
        "bap_id": "staging-operator.paytm.com/preprod/OndcMetro/on_callback",
        "bap_uri": "https://staging-operator.paytm.com/OndcMetro/on_callback",
        "bpp_id": "metrobox.preprod.triffy.in",
        "bpp_uri": "https://metrobox.preprod.triffy.in/metro/seller",
        "domain": "ONDC:TRV11",
        "location": {
            "city": {
                "code": "std:044"
            },
            "country": {
                "code": "IND"
            }
        },
        "message_id": "df4c4d50-b568-11ee-8a17-8c6d2d767a93",
        "timestamp": "2024-01-17T13:17:32.424Z",
        "transaction_id": "df4c4d50-b568-11ee-827d-9be8867c2b18",
        "ttl": "PT300S",
        "version": "2.0.0"
    },
    "message": {
        "order": {
            "billing": {
                "name": "N/A",
                "phone": "9971901764"
            },
            "cancellation_terms": [
                {
                    "external_ref": {
                        "mimetype": "text/html",
                        "url": "https://chennaimetrorail.org/fare-table/"
                    }
                }
            ],
            "fulfillments": [
                {
                    "id": "a23bffa3-b68e-4cee-8e10-34c2a14e93e5",
                    "stops": [
                        {
                            "id": "1",
                            "location": {
                                "descriptor": {
                                    "code": "STL|0113",
                                    "name": "Thousand Lights"
                                },
                                "gps": "13.058198, 80.258056"
                            },
                            "type": "START"
                        },
                        {
                            "id": "2",
                            "location": {
                                "descriptor": {
                                    "code": "SAL|0231",
                                    "name": "Arignar Anna Alandur "
                                },
                                "gps": "13.004713, 13.004713"
                            },
                            "type": "TRANSIT_STOP"
                        },
                        {
                            "id": "3",
                            "location": {
                                "descriptor": {
                                    "code": "SWN|01EF",
                                    "name": "Wimco Nagar Metro"
                                },
                                "gps": "13.183040, 80.309036"
                            },
                            "type": "END"
                        }
                    ],
                    "type": "TRIP",
                    "vehicle": {
                        "category": "METRO"
                    }
                }
            ],
            "items": [
                {
                    "category_ids": [
                        "03de65b6-77a8-4d52-b0ff-6448c4d55895"
                    ],
                    "descriptor": {
                        "code": "SJT",
                        "name": "Single Journey Ticket"
                    },
                    "fulfillment_ids": [
                        "a23bffa3-b68e-4cee-8e10-34c2a14e93e5"
                    ],
                    "id": "sjt-arignarannaalandur-thousandlights-wimconagarmetro",
                    "price": {
                        "currency": "INR",
                        "value": "32"
                    },
                    "quantity": {
                        "selected": {
                            "count": 1
                        }
                    },
                    "time": {
                        "duration": "PT30M",
                        "label": "Validity"
                    }
                }
            ],
            "payments": [
                {
                    "collected_by": "BAP",
                    "id": "e0139b8b-e31a-4b8f-b17f-002f981d8486",
                    "params": {},
                    "status": "NOT-PAID",
                    "tags": [
                        {
                            "descriptor": {
                                "code": "BUYER_FINDER_FEES"
                            },
                            "list": [
                                {
                                    "descriptor": {
                                        "code": "BUYER_FINDER_FEES_PERCENTAGE"
                                    },
                                    "value": "0"
                                }
                            ]
                        },
                        {
                            "descriptor": {
                                "code": "SETTLEMENT_DETAILS"
                            },
                            "list": [
                                {
                                    "descriptor": {
                                        "code": "SETTLEMENT_TYPE"
                                    },
                                    "value": "UPI"
                                }
                            ]
                        },
                        {
                            "descriptor": {
                                "code": "SETTLEMENT_TERMS"
                            },
                            "list": [
                                {
                                    "descriptor": {
                                        "code": "SETTLEMENT_WINDOW"
                                    },
                                    "value": "PT1D"
                                },
                                {
                                    "descriptor": {
                                        "code": "DELAY_INTEREST"
                                    },
                                    "value": "0"
                                }
                            ]
                        }
                    ],
                    "type": "PRE-ORDER"
                }
            ],
            "provider": {
                "descriptor": {
                    "name": "Chennai Metro Rail Limited"
                },
                "id": "ae2bef2b-f0f1-4888-8af3-bb376d553a19",
                "time": {
                    "range": {
                        "end": "2023-09-14T23:30:00.000Z",
                        "start": "2023-09-14T05:30:00.000Z"
                    }
                }
            },
            "quote": {
                "breakup": [
                    {
                        "item": {
                            "id": "sjt-arignarannaalandur-thousandlights-wimconagarmetro",
                            "price": {
                                "currency": "INR",
                                "value": "32"
                            },
                            "quantity": {
                                "selected": {
                                    "count": 1
                                }
                            }
                        },
                        "price": {
                            "currency": "INR",
                            "value": "32"
                        },
                        "title": "BASE_FARE"
                    }
                ],
                "price": {
                    "currency": "INR",
                    "value": "32"
                }
            },
            "tags": [
                {
                    "descriptor": {
                        "code": "SCHEDULED_INFO"
                    },
                    "list": [
                        {
                            "descriptor": {
                                "code": "GTFS"
                            },
                            "value": "https://chennaimetrorail.org/time-table/"
                        }
                    ]
                }
            ]
        }
    }
}