{
    "context": {
        "action": "on_search",
        "bap_id": "staging-operator.paytm.com/preprod/OndcMetro/on_callback",
        "bap_uri": "https://staging-operator.paytm.com/OndcMetro/on_callback",
        "bpp_id": "metrobox.preprod.triffy.in",
        "bpp_uri": "https://metrobox.preprod.triffy.in/metro/seller",
        "domain": "ONDC:TRV11",
        "location": {
            "city": {
                "code": "std:044"
            },
            "country": {
                "code": "IND"
            }
        },
        "message_id": "857d6d40-b568-11ee-8ddb-1a6b34028384",
        "timestamp": "2024-01-17T13:15:02.123Z",
        "transaction_id": "857d6d40-b568-11ee-8e9a-1c5403e7456b",
        "ttl": "PT300S",
        "version": "2.0.0"
    },
    "message": {
        "catalog": {
            "descriptor": {
                "images": [
                    {
                        "url": "https://framerusercontent.com/images/FnrHHdp6nMaW64THdqvZnnTAc.png"
                    }
                ],
                "name": "Triffy Metro"
            },
            "payments": [
                {
                    "tags": [
                        {
                            "descriptor": {
                                "code": "BUYER_FINDER_FEES"
                            },
                            "list": [
                                {
                                    "descriptor": {
                                        "code": "BUYER_FINDER_FEES_PERCENTAGE"
                                    },
                                    "value": "0"
                                }
                            ]
                        },
                        {
                            "descriptor": {
                                "code": "SETTLEMENT_DETAILS"
                            },
                            "list": [
                                {
                                    "descriptor": {
                                        "code": "SETTLEMENT_TYPE"
                                    },
                                    "value": "UPI"
                                }
                            ]
                        },
                        {
                            "descriptor": {
                                "code": "SETTLEMENT_TERMS"
                            },
                            "list": [
                                {
                                    "descriptor": {
                                        "code": "SETTLEMENT_WINDOW"
                                    },
                                    "value": "PT1D"
                                },
                                {
                                    "descriptor": {
                                        "code": "DELAY_INTEREST"
                                    },
                                    "value": "0"
                                }
                            ]
                        }
                    ]
                }
            ],
            "providers": [
                {
                    "cancellation_terms": [
                        {
                            "external_ref": {
                                "mimetype": "text/html",
                                "url": "https://chennaimetrorail.org/fare-table/"
                            }
                        }
                    ],
                    "categories": [
                        {
                            "descriptor": {
                                "code": "TICKET"
                            },
                            "id": "967be957-9b63-4cfa-a980-e369f841916f"
                        }
                    ],
                    "descriptor": {
                        "name": "Chennai Metro Rail Limited"
                    },
                    "fulfillments": [
                        {
                            "id": "94528b5c-e230-489b-8384-2cea38e6167e",
                            "stops": [
                                {
                                    "id": "1",
                                    "location": {
                                        "descriptor": {
                                            "code": "STL|0113",
                                            "name": "Thousand Lights"
                                        },
                                        "gps": "13.058198, 80.258056"
                                    },
                                    "type": "START"
                                },
                                {
                                    "id": "2",
                                    "location": {
                                        "descriptor": {
                                            "code": "SAL|0231",
                                            "name": "Arignar Anna Alandur "
                                        },
                                        "gps": "13.004713, 13.004713"
                                    },
                                    "type": "TRANSIT_STOP"
                                },
                                {
                                    "id": "3",
                                    "location": {
                                        "descriptor": {
                                            "code": "SWN|01EF",
                                            "name": "Wimco Nagar Metro"
                                        },
                                        "gps": "13.183040, 80.309036"
                                    },
                                    "type": "END"
                                }
                            ],
                            "type": "ROUTE",
                            "vehicle": {
                                "category": "METRO"
                            }
                        }
                    ],
                    "id": "94634f70-948a-43b8-8d8f-487ddcfa582f",
                    "items": [
                        {
                            "category_ids": [
                                "967be957-9b63-4cfa-a980-e369f841916f"
                            ],
                            "descriptor": {
                                "code": "SJT",
                                "name": "Single Journey Ticket"
                            },
                            "fulfillment_ids": [
                                "94528b5c-e230-489b-8384-2cea38e6167e"
                            ],
                            "id": "sjt-arignarannaalandur-thousandlights-wimconagarmetro",
                            "price": {
                                "currency": "INR",
                                "value": "32"
                            },
                            "quantity": {
                                "maximum": {
                                    "count": 6
                                },
                                "minimum": {
                                    "count": 1
                                }
                            },
                            "time": {
                                "duration": "PT30M",
                                "label": "Validity"
                            }
                        },
                        {
                            "category_ids": [
                                "967be957-9b63-4cfa-a980-e369f841916f"
                            ],
                            "descriptor": {
                                "code": "RJT",
                                "name": "Return Journey Ticket"
                            },
                            "fulfillment_ids": [
                                "94528b5c-e230-489b-8384-2cea38e6167e"
                            ],
                            "id": "rjt-arignarannaalandur-thousandlights-wimconagarmetro",
                            "price": {
                                "currency": "INR",
                                "value": "64"
                            },
                            "quantity": {
                                "maximum": {
                                    "count": 1
                                },
                                "minimum": {
                                    "count": 1
                                }
                            },
                            "time": {
                                "duration": "PT30M",
                                "label": "Validity"
                            }
                        }
                    ],
                    "tags": [
                        {
                            "descriptor": {
                                "code": "SCHEDULED_INFO"
                            },
                            "list": [
                                {
                                    "descriptor": {
                                        "code": "GTFS"
                                    },
                                    "value": "https://chennaimetrorail.org/time-table/"
                                }
                            ]
                        }
                    ],
                    "time": {
                        "range": {
                            "end": "2023-09-14T23:30:00.000Z",
                            "start": "2023-09-14T05:30:00.000Z"
                        }
                    }
                }
            ]
        }
    }
}