{
    "context": {
        "action": "on_search",
        "bap_id": "staging-operator.paytm.com/preprod/OndcMetro/on_callback",
        "bap_uri": "https://staging-operator.paytm.com/OndcMetro/on_callback",
        "bpp_id": "metrobox.preprod.triffy.in",
        "bpp_uri": "https://metrobox.preprod.triffy.in/metro/seller",
        "domain": "ONDC:TRV11",
        "location": {
            "city": {
                "code": "std:044"
            },
            "country": {
                "code": "IND"
            }
        },
        "message_id": "3741a7e0-b568-11ee-8464-4e8af9feafdc",
        "timestamp": "2024-01-17T13:12:50.713Z",
        "transaction_id": "3741a7e0-b568-11ee-8a15-ca2c166e2eed",
        "ttl": "PT300S",
        "version": "2.0.0"
    },
    "message": {
        "catalog": {
            "descriptor": {
                "images": [
                    {
                        "url": "https://framerusercontent.com/images/FnrHHdp6nMaW64THdqvZnnTAc.png"
                    }
                ],
                "name": "Triffy Metro"
            },
            "payments": [
                {
                    "tags": [
                        {
                            "descriptor": {
                                "code": "BUYER_FINDER_FEES"
                            },
                            "list": [
                                {
                                    "descriptor": {
                                        "code": "BUYER_FINDER_FEES_PERCENTAGE"
                                    },
                                    "value": "0"
                                }
                            ]
                        },
                        {
                            "descriptor": {
                                "code": "SETTLEMENT_DETAILS"
                            },
                            "list": [
                                {
                                    "descriptor": {
                                        "code": "SETTLEMENT_TYPE"
                                    },
                                    "value": "UPI"
                                }
                            ]
                        },
                        {
                            "descriptor": {
                                "code": "SETTLEMENT_TERMS"
                            },
                            "list": [
                                {
                                    "descriptor": {
                                        "code": "SETTLEMENT_WINDOW"
                                    },
                                    "value": "PT1D"
                                },
                                {
                                    "descriptor": {
                                        "code": "DELAY_INTEREST"
                                    },
                                    "value": "0"
                                }
                            ]
                        }
                    ]
                }
            ],
            "providers": [
                {
                    "cancellation_terms": [
                        {
                            "external_ref": {
                                "mimetype": "text/html",
                                "url": "https://chennaimetrorail.org/fare-table/"
                            }
                        }
                    ],
                    "categories": [
                        {
                            "descriptor": {
                                "code": "TICKET"
                            },
                            "id": "443815fc-7192-430b-a7db-bcc1a568ed6e"
                        }
                    ],
                    "descriptor": {
                        "name": "Chennai Metro Rail Limited"
                    },
                    "fulfillments": [
                        {
                            "id": "afa697b0-5621-4488-ab95-fa7f8525e1e3",
                            "stops": [
                                {
                                    "id": "1",
                                    "location": {
                                        "descriptor": {
                                            "code": "SGM|0115",
                                            "name": "AG-DMS"
                                        },
                                        "gps": "13.044682, 80.248052"
                                    },
                                    "type": "START"
                                },
                                {
                                    "id": "2",
                                    "location": {
                                        "descriptor": {
                                            "code": "SAP|0133",
                                            "name": "Chennai International Airport"
                                        },
                                        "gps": "12.980826, 80.164200"
                                    },
                                    "type": "END"
                                },
                                {
                                    "id": "3",
                                    "location": {
                                        "descriptor": {
                                            "code": "SGE|0109",
                                            "name": "Government Estate"
                                        },
                                        "gps": "13.069557, 80.272842"
                                    },
                                    "type": "INTERMEDIATE_STOP"
                                },
                                {
                                    "id": "4",
                                    "location": {
                                        "descriptor": {
                                            "code": "SGU|0125",
                                            "name": "Guindy"
                                        },
                                        "gps": "13.009240, 80.213199"
                                    },
                                    "type": "INTERMEDIATE_STOP"
                                },
                                {
                                    "id": "5",
                                    "location": {
                                        "descriptor": {
                                            "code": "SHC|0105",
                                            "name": "High Court"
                                        },
                                        "gps": "13.087369, 80.285021"
                                    },
                                    "type": "INTERMEDIATE_STOP"
                                },
                                {
                                    "id": "6",
                                    "location": {
                                        "descriptor": {
                                            "code": "SKP|01F5",
                                            "name": "Kaladipet Metro"
                                        },
                                        "gps": "13.151000, 80.299000"
                                    },
                                    "type": "INTERMEDIATE_STOP"
                                },
                                {
                                    "id": "7",
                                    "location": {
                                        "descriptor": {
                                            "code": "SLI|0111",
                                            "name": "LIC"
                                        },
                                        "gps": "13.064511, 80.266065"
                                    },
                                    "type": "INTERMEDIATE_STOP"
                                },
                                {
                                    "id": "8",
                                    "location": {
                                        "descriptor": {
                                            "code": "SLM|0123",
                                            "name": "Little Mount"
                                        },
                                        "gps": "13.014712, 80.223993"
                                    },
                                    "type": "INTERMEDIATE_STOP"
                                },
                                {
                                    "id": "9",
                                    "location": {
                                        "descriptor": {
                                            "code": "SMA|0103",
                                            "name": "Mannadi"
                                        },
                                        "gps": "13.095177, 80.286164"
                                    },
                                    "type": "INTERMEDIATE_STOP"
                                },
                                {
                                    "id": "10",
                                    "location": {
                                        "descriptor": {
                                            "code": "SME|0131",
                                            "name": "Meenambakkam"
                                        },
                                        "gps": "12.987656, 80.176505"
                                    },
                                    "type": "INTERMEDIATE_STOP"
                                },
                                {
                                    "id": "11",
                                    "location": {
                                        "descriptor": {
                                            "code": "SCR|0119",
                                            "name": "Nandanam"
                                        },
                                        "gps": "13.031390, 80.239969"
                                    },
                                    "type": "INTERMEDIATE_STOP"
                                },
                                {
                                    "id": "12",
                                    "location": {
                                        "descriptor": {
                                            "code": "SOT|0129",
                                            "name": "Nanganallur Road"
                                        },
                                        "gps": "12.999933, 80.193985"
                                    },
                                    "type": "INTERMEDIATE_STOP"
                                },
                                {
                                    "id": "13",
                                    "location": {
                                        "descriptor": {
                                            "code": "SNW|01F9",
                                            "name": "New Washermenpet Metro"
                                        },
                                        "gps": "13.107064, 80.280528"
                                    },
                                    "type": "INTERMEDIATE_STOP"
                                },
                                {
                                    "id": "14",
                                    "location": {
                                        "descriptor": {
                                            "code": "SSA|0121",
                                            "name": "Saidapet"
                                        },
                                        "gps": "13.023717, 80.228208"
                                    },
                                    "type": "INTERMEDIATE_STOP"
                                },
                                {
                                    "id": "15",
                                    "location": {
                                        "descriptor": {
                                            "code": "STE|0117",
                                            "name": "Teynampet"
                                        },
                                        "gps": "13.037904, 80.247029"
                                    },
                                    "type": "INTERMEDIATE_STOP"
                                },
                                {
                                    "id": "16",
                                    "location": {
                                        "descriptor": {
                                            "code": "STC|01FD",
                                            "name": "Thiagaraya College Metro"
                                        },
                                        "gps": "13.116000, 80.284000"
                                    },
                                    "type": "INTERMEDIATE_STOP"
                                },
                                {
                                    "id": "17",
                                    "location": {
                                        "descriptor": {
                                            "code": "STV|01F1",
                                            "name": "Thiruvotriyur Metro"
                                        },
                                        "gps": "13.172000, 80.305000"
                                    },
                                    "type": "INTERMEDIATE_STOP"
                                },
                                {
                                    "id": "18",
                                    "location": {
                                        "descriptor": {
                                            "code": "STT|01F3",
                                            "name": "Thiruvotriyur Theradi Metro"
                                        },
                                        "gps": "13.159773, 80.302449"
                                    },
                                    "type": "INTERMEDIATE_STOP"
                                },
                                {
                                    "id": "19",
                                    "location": {
                                        "descriptor": {
                                            "code": "STL|0113",
                                            "name": "Thousand Lights"
                                        },
                                        "gps": "13.058198, 80.258056"
                                    },
                                    "type": "INTERMEDIATE_STOP"
                                },
                                {
                                    "id": "20",
                                    "location": {
                                        "descriptor": {
                                            "code": "STG|01F7",
                                            "name": "Tollgate Metro"
                                        },
                                        "gps": "13.143000, 80.296000"
                                    },
                                    "type": "INTERMEDIATE_STOP"
                                },
                                {
                                    "id": "21",
                                    "location": {
                                        "descriptor": {
                                            "code": "STR|01FB",
                                            "name": "Tondiarpet Metro"
                                        },
                                        "gps": "13.124000, 80.289000"
                                    },
                                    "type": "INTERMEDIATE_STOP"
                                },
                                {
                                    "id": "22",
                                    "location": {
                                        "descriptor": {
                                            "code": "SWA|0101",
                                            "name": "Washermanpet"
                                        },
                                        "gps": "13.107064, 80.280528"
                                    },
                                    "type": "INTERMEDIATE_STOP"
                                },
                                {
                                    "id": "23",
                                    "location": {
                                        "descriptor": {
                                            "code": "SWD|01ED",
                                            "name": "Wimco Nagar Depot"
                                        },
                                        "gps": "13.184299, 80.309093"
                                    },
                                    "type": "INTERMEDIATE_STOP"
                                },
                                {
                                    "id": "24",
                                    "location": {
                                        "descriptor": {
                                            "code": "SWN|01EF",
                                            "name": "Wimco Nagar Metro"
                                        },
                                        "gps": "13.183040, 80.309036"
                                    },
                                    "type": "INTERMEDIATE_STOP"
                                }
                            ],
                            "type": "ROUTE",
                            "vehicle": {
                                "category": "METRO"
                            }
                        },
                        {
                            "id": "d445ea88-5717-47a1-85ff-1bea558c1f39",
                            "stops": [
                                {
                                    "id": "1",
                                    "location": {
                                        "descriptor": {
                                            "code": "SAE|0213",
                                            "name": "Anna Nagar East"
                                        },
                                        "gps": "13.084794, 80.218660"
                                    },
                                    "type": "START"
                                },
                                {
                                    "id": "2",
                                    "location": {
                                        "descriptor": {
                                            "code": "SAT|0215",
                                            "name": "Anna Nagar Tower"
                                        },
                                        "gps": "13.084975, 80.208727"
                                    },
                                    "type": "END"
                                },
                                {
                                    "id": "3",
                                    "location": {
                                        "descriptor": {
                                            "code": "SAL|0231",
                                            "name": "Arignar Anna Alandur "
                                        },
                                        "gps": "13.004713, 80.201450"
                                    },
                                    "type": "INTERMEDIATE_STOP"
                                },
                                {
                                    "id": "4",
                                    "location": {
                                        "descriptor": {
                                            "code": "SAR|0223",
                                            "name": "Arumbakkam"
                                        },
                                        "gps": "13.062058, 80.211581"
                                    },
                                    "type": "INTERMEDIATE_STOP"
                                },
                                {
                                    "id": "5",
                                    "location": {
                                        "descriptor": {
                                            "code": "SAN|0227",
                                            "name": "Ashok Nagar"
                                        },
                                        "gps": "13.035534, 80.211140"
                                    },
                                    "type": "INTERMEDIATE_STOP"
                                },
                                {
                                    "id": "6",
                                    "location": {
                                        "descriptor": {
                                            "code": "SEG|0203",
                                            "name": "Egmore"
                                        },
                                        "gps": "13.079059, 80.261098"
                                    },
                                    "type": "INTERMEDIATE_STOP"
                                },
                                {
                                    "id": "7",
                                    "location": {
                                        "descriptor": {
                                            "code": "SSI|0229",
                                            "name": "Ekkattuthangal"
                                        },
                                        "gps": "13.017044, 80.205940"
                                    },
                                    "type": "INTERMEDIATE_STOP"
                                },
                                {
                                    "id": "8",
                                    "location": {
                                        "descriptor": {
                                            "code": "SKM|0207",
                                            "name": "Kilpauk"
                                        },
                                        "gps": "13.077508, 80.242867"
                                    },
                                    "type": "INTERMEDIATE_STOP"
                                },
                                {
                                    "id": "9",
                                    "location": {
                                        "descriptor": {
                                            "code": "SKO|0219",
                                            "name": "Koyambedu"
                                        },
                                        "gps": "13.073708, 80.194869"
                                    },
                                    "type": "INTERMEDIATE_STOP"
                                },
                                {
                                    "id": "10",
                                    "location": {
                                        "descriptor": {
                                            "code": "SNP|0205",
                                            "name": "Nehru Park"
                                        },
                                        "gps": "13.078625, 80.250855"
                                    },
                                    "type": "INTERMEDIATE_STOP"
                                },
                                {
                                    "id": "11",
                                    "location": {
                                        "descriptor": {
                                            "code": "SPC|0209",
                                            "name": "Pachaiyappas College"
                                        },
                                        "gps": "13.075570, 80.232347"
                                    },
                                    "type": "INTERMEDIATE_STOP"
                                },
                                {
                                    "id": "12",
                                    "location": {
                                        "descriptor": {
                                            "code": "SCC|0201",
                                            "name": "Puratchi Thalaivar Dr. M.G. Ramachandran Central"
                                        },
                                        "gps": "13.081426, 80.272887"
                                    },
                                    "type": "INTERMEDIATE_STOP"
                                },
                                {
                                    "id": "13",
                                    "location": {
                                        "descriptor": {
                                            "code": "SCM|0221",
                                            "name": "Puratchi Thalaivi Dr. J. Jayalalithaa CMBT"
                                        },
                                        "gps": "13.068568, 80.203882"
                                    },
                                    "type": "INTERMEDIATE_STOP"
                                },
                                {
                                    "id": "14",
                                    "location": {
                                        "descriptor": {
                                            "code": "SSN|0211",
                                            "name": "Shenoy Nagar"
                                        },
                                        "gps": "13.078697, 80.225133"
                                    },
                                    "type": "INTERMEDIATE_STOP"
                                },
                                {
                                    "id": "15",
                                    "location": {
                                        "descriptor": {
                                            "code": "SMM|0233",
                                            "name": "St. Thomas Mount"
                                        },
                                        "gps": "12.995128, 80.198640"
                                    },
                                    "type": "INTERMEDIATE_STOP"
                                },
                                {
                                    "id": "16",
                                    "location": {
                                        "descriptor": {
                                            "code": "STI|0217",
                                            "name": "Thirumangalam"
                                        },
                                        "gps": "13.085259, 80.201575"
                                    },
                                    "type": "INTERMEDIATE_STOP"
                                },
                                {
                                    "id": "17",
                                    "location": {
                                        "descriptor": {
                                            "code": "SVA|0225",
                                            "name": "Vadapalani"
                                        },
                                        "gps": "13.050825, 80.212242"
                                    },
                                    "type": "INTERMEDIATE_STOP"
                                }
                            ],
                            "type": "ROUTE",
                            "vehicle": {
                                "category": "METRO"
                            }
                        }
                    ],
                    "id": "95ab4530-343e-4eff-a9cd-f70034ce2949",
                    "tags": [
                        {
                            "descriptor": {
                                "code": "SCHEDULED_INFO"
                            },
                            "list": [
                                {
                                    "descriptor": {
                                        "code": "GTFS"
                                    },
                                    "value": "https://chennaimetrorail.org/time-table/"
                                }
                            ]
                        }
                    ],
                    "time": {
                        "range": {
                            "end": "2023-09-14T23:30:00.000Z",
                            "start": "2023-09-14T05:30:00.000Z"
                        }
                    }
                }
            ]
        }
    }
}