{
    "uri": "https://preprod.gateway.ondc.org/search",
    "json": {
        "context": {
            "location": {
                "country": {
                    "code": "IND"
                },
                "city": {
                    "code": "std:044"
                }
            },
            "domain": "ONDC:TRV11",
            "timestamp": "2024-01-17T13:15:01.588Z",
            "bap_id": "staging-operator.paytm.com/preprod/OndcMetro/on_callback",
            "transaction_id": "857d6d40-b568-11ee-8e9a-1c5403e7456b",
            "message_id": "857d6d40-b568-11ee-8ddb-1a6b34028384",
            "version": "2.0.0",
            "action": "search",
            "bap_uri": "https://staging-operator.paytm.com/OndcMetro/on_callback",
            "ttl": "PT30S"
        },
        "message": {
            "intent": {
                "fulfillment": {
                    "stops": [
                        {
                            "type": "START",
                            "location": {
                                "descriptor": {
                                    "code": "STL|0113"
                                }
                            }
                        },
                        {
                            "type": "END",
                            "location": {
                                "descriptor": {
                                    "code": "SWN|01EF"
                                }
                            }
                        }
                    ],
                    "vehicle": {
                        "category": "METRO"
                    }
                },
                "payment": {
                    "tags": []
                }
            }
        }
    },
    "method": "POST",
    "headers": {
        "Content-Type": "application/json",
        "Accept": "application/json",
        "Authorization": "Signature keyId=\"staging-operator.paytm.com/preprod/OndcMetro/on_callback|bdd29740-ae17-11ee-8fae-6f3015b50ccd|ed25519\",algorithm=\"ed25519\",created=\"1705497301\",expires=\"1705497331\",headers=\"(created) (expires) digest\",signature=\"3ERgdty8rqGGIrnebQjlKCdT+3ND2mnq+XdbYezPVm3rhqA1MeM7XWULggrPM1JMx8cJBLhCyFU9HgxBP+lBAQ==\""
    }
}