{
    "uri": "https://preprod.gateway.ondc.org/search",
    "json": {
        "context": {
            "location": {
                "country": {
                    "code": "IND"
                },
                "city": {
                    "code": "std:044"
                }
            },
            "domain": "ONDC:TRV11",
            "timestamp": "2024-01-17T13:12:50.334Z",
            "bap_id": "staging-operator.paytm.com/preprod/OndcMetro/on_callback",
            "transaction_id": "3741a7e0-b568-11ee-8a15-ca2c166e2eed",
            "message_id": "3741a7e0-b568-11ee-8464-4e8af9feafdc",
            "version": "2.0.0",
            "action": "search",
            "bap_uri": "https://staging-operator.paytm.com/OndcMetro/on_callback",
            "ttl": "PT30S"
        },
        "message": {
            "intent": {
                "fulfillment": {
                    "vehicle": {
                        "category": "METRO"
                    }
                },
                "payment": {
                    "tags": [
                        {
                            "descriptor": {
                                "code": "BUYER_FINDER_FEES"
                            },
                            "display": false,
                            "list": [
                                {
                                    "descriptor": {
                                        "code": "BUYER_FINDER_FEES_PERCENTAGE"
                                    },
                                    "value": "0"
                                }
                            ]
                        },
                        {
                            "descriptor": {
                                "code": "SETTLEMENT_TERMS"
                            },
                            "display": false,
                            "list": []
                        }
                    ]
                }
            }
        }
    },
    "method": "POST",
    "headers": {
        "Content-Type": "application/json",
        "Accept": "application/json",
        "Authorization": "Signature keyId=\"staging-operator.paytm.com/preprod/OndcMetro/on_callback|bdd29740-ae17-11ee-8fae-6f3015b50ccd|ed25519\",algorithm=\"ed25519\",created=\"1705497170\",expires=\"1705497200\",headers=\"(created) (expires) digest\",signature=\"nCbOn7xevzqLmYd8Zf8jHtc/zhkU1zzwsQr8Y2O1NHnkPe/z/OQR9HmPAnXLCt/Vxo+40Cy86Jdxk8YiwBbRBA==\""
    }
}