{
    "uri": "https://metrobox.preprod.triffy.in/metro/seller/status",
    "json": {
        "context": {
            "location": {
                "country": {
                    "code": "IND"
                },
                "city": {
                    "code": "std:044"
                }
            },
            "domain": "ONDC:TRV11",
            "timestamp": "2024-01-17T14:11:34.817Z",
            "bap_id": "staging-operator.paytm.com/preprod/OndcMetro/on_callback",
            "transaction_id": "72110100-b567-11ee-83aa-20d3e4253b78",
            "message_id": "6c031510-b570-11ee-84d2-5b51c6a76343",
            "version": "2.0.0",
            "action": "status",
            "bap_uri": "https://staging-operator.paytm.com/OndcMetro/on_callback",
            "ttl": "PT30S",
            "bpp_id": "staging-operator.paytm.com/OndcMetro/on_callback",
            "bpp_uri": "https://staging-operator.paytm.com/OndcMetro/on_callback"
        },
        "message": {
            "order_id": "491c97ffba754c3cbd0b13bee8f4517e"
        }
    },
    "method": "POST",
    "headers": {
        "Content-Type": "application/json",
        "Accept": "application/json",
        "Authorization": "Signature keyId=\"staging-operator.paytm.com/preprod/OndcMetro/on_callback|bdd29740-ae17-11ee-8fae-6f3015b50ccd|ed25519\",algorithm=\"ed25519\",created=\"1705500694\",expires=\"1705500724\",headers=\"(created) (expires) digest\",signature=\"lwrsRNq+isnA8dIfu48WvwD2hEqGsMom3OpBhp+1MiWt+h608+221+oLRqZmBnbQ0VvhjR1B+pLfM+wOgKGVAg==\""
    },
    "timeout": 30000
}